datetime,trend_identified
2022-05-05 07:06:00,1.0
2022-05-05 07:24:00,1.0
2022-05-05 07:39:00,1.0
2022-05-05 07:42:00,1.0
2022-05-05 07:45:00,1.0
2022-05-05 07:48:00,1.0
2022-05-05 07:51:00,1.0
2022-05-05 14:42:00,-1.0
2022-05-05 14:45:00,-1.0
2022-05-05 14:48:00,-1.0
2022-05-05 14:51:00,-1.0
2022-05-05 14:54:00,-1.0
2022-05-05 14:57:00,-1.0
2022-05-05 15:00:00,-1.0
2022-05-05 15:03:00,-1.0
2022-05-05 15:06:00,-1.0
2022-05-05 15:09:00,-1.0
2022-05-05 15:12:00,-1.0
2022-05-05 15:15:00,-1.0
2022-05-05 15:18:00,-1.0
2022-05-05 15:21:00,-1.0
2022-05-05 15:24:00,-1.0
2022-05-05 15:27:00,-1.0
2022-05-05 15:30:00,-1.0
2022-05-05 15:33:00,-1.0
2022-05-05 15:36:00,-1.0
2022-05-05 15:39:00,-1.0
2022-05-05 15:42:00,-1.0
2022-05-05 15:45:00,-1.0
2022-05-05 15:48:00,-1.0
2022-05-05 15:51:00,-1.0
2022-05-05 15:54:00,-1.0
2022-05-05 15:57:00,-1.0
2022-05-05 16:00:00,-1.0
2022-05-05 16:03:00,-1.0
2022-05-05 16:06:00,-1.0
2022-05-05 16:09:00,-1.0
2022-05-05 16:12:00,-1.0
2022-05-05 16:15:00,-1.0
2022-05-05 16:18:00,-1.0
2022-05-05 16:21:00,-1.0
2022-05-05 16:24:00,-1.0
2022-05-05 16:27:00,-1.0
2022-05-05 16:30:00,-1.0
2022-05-05 16:33:00,-1.0
2022-05-05 16:36:00,-1.0
2022-05-05 16:39:00,-1.0
2022-05-05 16:42:00,-1.0
2022-05-05 16:45:00,-1.0
2022-05-05 16:48:00,-1.0
2022-05-05 16:51:00,-1.0
2022-05-05 16:54:00,-1.0
2022-05-05 16:57:00,-1.0
2022-05-05 17:00:00,-1.0
2022-05-05 17:03:00,-1.0
2022-05-05 17:06:00,-1.0
2022-05-05 17:09:00,-1.0
2022-05-05 17:12:00,-1.0
2022-05-05 17:15:00,-1.0
2022-05-05 17:18:00,-1.0
2022-05-05 17:21:00,-1.0
2022-05-05 17:24:00,-1.0
2022-05-05 17:27:00,-1.0
2022-05-05 17:30:00,-1.0
2022-05-05 17:33:00,-1.0
2022-05-05 17:36:00,-1.0
2022-05-05 17:39:00,-1.0
2022-05-05 17:42:00,-1.0
2022-05-05 17:45:00,-1.0
2022-05-05 17:48:00,-1.0
2022-05-05 17:51:00,-1.0
2022-05-05 17:54:00,-1.0
2022-05-05 17:57:00,-1.0
2022-05-05 18:00:00,-1.0
2022-05-05 18:03:00,-1.0
2022-05-05 18:06:00,-1.0
2022-05-05 18:09:00,-1.0
2022-05-05 18:12:00,-1.0
2022-05-05 18:15:00,-1.0
2022-05-05 18:18:00,-1.0
2022-05-05 18:21:00,-1.0
2022-05-05 18:24:00,-1.0
2022-05-05 18:27:00,-1.0
2022-05-05 18:30:00,-1.0
2022-05-05 18:33:00,-1.0
2022-05-05 18:36:00,-1.0
2022-05-05 18:39:00,-1.0
2022-05-05 18:42:00,-1.0
2022-05-05 18:45:00,-1.0
2022-05-05 18:48:00,-1.0
2022-05-05 18:51:00,-1.0
2022-05-05 18:54:00,-1.0
2022-05-05 18:57:00,-1.0
2022-05-05 19:00:00,-1.0
2022-05-05 19:03:00,-1.0
2022-05-05 19:06:00,-1.0
2022-05-05 19:09:00,-1.0
2022-05-05 19:12:00,-1.0
2022-05-05 19:15:00,-1.0
2022-05-05 19:18:00,-1.0
2022-05-05 19:21:00,-1.0
2022-05-05 19:24:00,-1.0
2022-05-05 19:27:00,-1.0
2022-05-05 19:30:00,-1.0
2022-05-05 19:33:00,-1.0
2022-05-05 19:36:00,-1.0
2022-05-05 19:39:00,-1.0
2022-05-05 19:42:00,-1.0
2022-05-05 19:45:00,-1.0
2022-05-05 19:48:00,-1.0
2022-05-05 19:51:00,-1.0
2022-05-05 19:54:00,-1.0
2022-05-05 19:57:00,-1.0
2022-05-05 20:00:00,-1.0
2022-05-05 20:03:00,-1.0
2022-05-05 20:06:00,-1.0
2022-05-05 20:09:00,-1.0
2022-05-05 20:12:00,-1.0
2022-05-05 20:15:00,-1.0
2022-05-05 20:18:00,-1.0
2022-05-05 20:21:00,-1.0
2022-05-05 20:24:00,-1.0
2022-05-05 20:27:00,-1.0
2022-05-05 20:30:00,-1.0
2022-05-05 20:33:00,-1.0
2022-05-05 20:36:00,-1.0
2022-05-05 20:39:00,-1.0
2022-05-05 20:42:00,-1.0
2022-05-05 20:45:00,-1.0
2022-05-05 20:48:00,-1.0
2022-05-05 20:51:00,-1.0
2022-05-05 20:54:00,-1.0
2022-05-05 20:57:00,-1.0
2022-05-05 21:00:00,-1.0
2022-05-05 21:03:00,-1.0
2022-05-05 21:06:00,-1.0
2022-05-05 21:09:00,-1.0
2022-05-05 21:12:00,-1.0
2022-05-05 21:15:00,-1.0
2022-05-05 21:18:00,-1.0
2022-05-05 21:21:00,-1.0
2022-05-05 21:24:00,-1.0
2022-05-05 21:27:00,-1.0
2022-05-05 21:30:00,-1.0
2022-05-05 21:33:00,-1.0
2022-05-05 21:36:00,-1.0
2022-05-05 21:39:00,-1.0
2022-05-05 21:42:00,-1.0
2022-05-05 21:45:00,-1.0
2022-05-05 21:48:00,-1.0
2022-05-05 21:51:00,-1.0
2022-05-05 21:54:00,-1.0
2022-05-05 21:57:00,-1.0
2022-05-05 22:00:00,-1.0
2022-05-05 22:03:00,-1.0
2022-05-05 22:06:00,-1.0
2022-05-05 22:09:00,-1.0
2022-05-05 22:12:00,-1.0
2022-05-05 22:15:00,-1.0
2022-05-05 22:18:00,-1.0
2022-05-05 22:21:00,-1.0
2022-05-05 22:24:00,-1.0
2022-05-05 22:27:00,-1.0
2022-05-05 22:30:00,-1.0
2022-05-05 22:33:00,-1.0
2022-05-05 22:36:00,-1.0
2022-05-05 22:39:00,-1.0
2022-05-05 22:42:00,-1.0
2022-05-05 22:45:00,-1.0
2022-05-05 22:48:00,-1.0
2022-05-05 22:51:00,-1.0
2022-05-05 22:54:00,-1.0
2022-05-05 22:57:00,-1.0
2022-05-05 23:00:00,-1.0
2022-05-05 23:03:00,-1.0
2022-05-05 23:06:00,-1.0
2022-05-05 23:09:00,-1.0
2022-05-05 23:12:00,-1.0
2022-05-05 23:15:00,-1.0
2022-05-05 23:18:00,-1.0
2022-05-05 23:21:00,-1.0
2022-05-05 23:24:00,-1.0
2022-05-05 23:27:00,-1.0
2022-05-05 23:30:00,-1.0
2022-05-05 23:33:00,-1.0
2022-05-05 23:36:00,-1.0
2022-05-05 23:39:00,-1.0
2022-05-05 23:42:00,-1.0
2022-05-05 23:45:00,-1.0
2022-05-05 23:48:00,-1.0
2022-05-05 23:51:00,-1.0
2022-05-05 23:54:00,-1.0
2022-05-05 23:57:00,-1.0
2022-05-06 00:00:00,-1.0
2022-05-06 00:03:00,-1.0
2022-05-06 00:06:00,-1.0
2022-05-06 00:09:00,-1.0
2022-05-06 00:12:00,-1.0
2022-05-06 00:15:00,-1.0
2022-05-06 00:18:00,-1.0
2022-05-06 00:21:00,-1.0
2022-05-06 00:24:00,-1.0
2022-05-06 00:27:00,-1.0
2022-05-06 00:30:00,-1.0
2022-05-06 00:33:00,-1.0
2022-05-06 00:36:00,-1.0
2022-05-06 00:39:00,-1.0
2022-05-06 00:42:00,-1.0
2022-05-06 00:45:00,-1.0
2022-05-06 00:48:00,-1.0
2022-05-06 00:51:00,-1.0
2022-05-06 00:54:00,-1.0
2022-05-06 00:57:00,-1.0
2022-05-06 01:00:00,-1.0
2022-05-06 01:03:00,-1.0
2022-05-06 01:06:00,-1.0
2022-05-06 01:09:00,-1.0
2022-05-06 01:12:00,-1.0
2022-05-06 01:15:00,-1.0
2022-05-06 01:18:00,-1.0
2022-05-06 01:21:00,-1.0
2022-05-06 01:24:00,-1.0
2022-05-06 01:27:00,-1.0
2022-05-06 01:30:00,-1.0
2022-05-06 01:33:00,-1.0
2022-05-06 01:36:00,-1.0
2022-05-06 01:39:00,-1.0
2022-05-06 01:42:00,-1.0
2022-05-06 01:45:00,-1.0
2022-05-06 01:48:00,-1.0
2022-05-06 01:51:00,-1.0
2022-05-06 01:54:00,-1.0
2022-05-06 01:57:00,-1.0
2022-05-06 02:00:00,-1.0
2022-05-06 02:03:00,-1.0
2022-05-06 02:06:00,-1.0
2022-05-06 02:09:00,-1.0
2022-05-06 02:12:00,-1.0
2022-05-06 02:15:00,-1.0
2022-05-06 02:18:00,-1.0
2022-05-06 02:21:00,-1.0
2022-05-06 02:24:00,-1.0
2022-05-06 02:27:00,-1.0
2022-05-06 02:30:00,-1.0
2022-05-06 02:33:00,-1.0
2022-05-06 02:36:00,-1.0
2022-05-06 02:39:00,-1.0
2022-05-06 02:42:00,-1.0
2022-05-06 02:45:00,-1.0
2022-05-06 02:48:00,-1.0
2022-05-06 02:51:00,-1.0
2022-05-06 02:54:00,-1.0
2022-05-06 02:57:00,-1.0
2022-05-06 03:00:00,-1.0
2022-05-06 03:03:00,-1.0
2022-05-06 03:06:00,-1.0
2022-05-06 03:09:00,-1.0
2022-05-06 03:12:00,-1.0
2022-05-06 03:15:00,-1.0
2022-05-06 03:18:00,-1.0
2022-05-06 03:21:00,-1.0
2022-05-06 03:24:00,-1.0
2022-05-06 03:27:00,-1.0
2022-05-06 03:30:00,-1.0
2022-05-06 03:33:00,-1.0
2022-05-06 03:36:00,-1.0
2022-05-06 03:39:00,-1.0
2022-05-06 03:42:00,-1.0
2022-05-06 03:45:00,-1.0
2022-05-06 03:48:00,-1.0
2022-05-06 03:51:00,-1.0
2022-05-06 03:54:00,-1.0
2022-05-06 03:57:00,-1.0
2022-05-06 04:00:00,-1.0
2022-05-06 04:03:00,-1.0
2022-05-06 04:06:00,-1.0
2022-05-06 04:09:00,-1.0
2022-05-06 04:12:00,-1.0
2022-05-06 04:15:00,-1.0
2022-05-06 04:18:00,-1.0
2022-05-06 04:21:00,-1.0
2022-05-06 04:24:00,-1.0
2022-05-06 04:27:00,-1.0
2022-05-06 04:30:00,-1.0
2022-05-06 04:33:00,-1.0
2022-05-06 04:36:00,-1.0
2022-05-06 04:39:00,-1.0
2022-05-06 04:42:00,-1.0
2022-05-06 04:45:00,-1.0
2022-05-06 04:48:00,-1.0
2022-05-06 04:51:00,-1.0
2022-05-06 04:54:00,-1.0
2022-05-06 04:57:00,-1.0
2022-05-06 05:00:00,-1.0
2022-05-06 05:03:00,-1.0
2022-05-06 05:06:00,-1.0
2022-05-06 05:09:00,-1.0
2022-05-06 05:12:00,-1.0
2022-05-06 05:15:00,-1.0
2022-05-06 05:18:00,-1.0
2022-05-06 05:21:00,-1.0
2022-05-06 05:24:00,-1.0
2022-05-06 05:27:00,-1.0
2022-05-06 05:30:00,-1.0
2022-05-06 05:33:00,-1.0
2022-05-06 05:36:00,-1.0
2022-05-06 05:39:00,-1.0
2022-05-06 05:42:00,-1.0
2022-05-06 05:45:00,-1.0
2022-05-06 05:48:00,-1.0
2022-05-06 05:51:00,-1.0
2022-05-06 05:54:00,-1.0
2022-05-06 05:57:00,-1.0
2022-05-06 06:00:00,-1.0
2022-05-06 06:03:00,-1.0
2022-05-06 06:06:00,-1.0
2022-05-06 06:09:00,-1.0
2022-05-06 06:12:00,-1.0
2022-05-06 06:15:00,-1.0
2022-05-06 06:18:00,-1.0
2022-05-06 06:21:00,-1.0
2022-05-06 06:24:00,-1.0
2022-05-06 06:27:00,-1.0
2022-05-06 06:30:00,-1.0
2022-05-06 06:33:00,-1.0
2022-05-06 06:36:00,-1.0
2022-05-06 06:39:00,-1.0
2022-05-06 06:42:00,-1.0
2022-05-06 06:45:00,-1.0
2022-05-06 06:48:00,-1.0
2022-05-06 06:51:00,-1.0
2022-05-06 06:57:00,-1.0
2022-05-06 07:15:00,-1.0
2022-05-06 07:27:00,-1.0
2022-05-06 07:30:00,-1.0
2022-05-06 07:33:00,-1.0
2022-05-06 07:39:00,-1.0
2022-05-06 07:42:00,-1.0
2022-05-06 07:45:00,-1.0
2022-05-06 07:48:00,-1.0
2022-05-06 07:51:00,-1.0
2022-05-06 07:54:00,-1.0
2022-05-06 08:00:00,-1.0
2022-05-06 08:03:00,-1.0
2022-05-06 08:06:00,-1.0
2022-05-06 08:12:00,-1.0
2022-05-06 08:15:00,-1.0
2022-05-06 08:18:00,-1.0
2022-05-06 08:21:00,-1.0
2022-05-06 08:24:00,-1.0
2022-05-06 08:27:00,-1.0
2022-05-06 08:30:00,-1.0
2022-05-06 08:33:00,-1.0
2022-05-06 08:36:00,-1.0
2022-05-06 08:39:00,-1.0
2022-05-06 08:42:00,-1.0
2022-05-06 08:45:00,-1.0
2022-05-06 08:48:00,-1.0
2022-05-06 08:51:00,-1.0
2022-05-06 08:54:00,-1.0
2022-05-06 08:57:00,-1.0
2022-05-06 09:00:00,-1.0
2022-05-06 09:03:00,-1.0
2022-05-06 09:06:00,-1.0
2022-05-06 09:09:00,-1.0
2022-05-06 09:12:00,-1.0
2022-05-06 09:15:00,-1.0
2022-05-06 09:18:00,-1.0
2022-05-06 09:21:00,-1.0
2022-05-06 09:24:00,-1.0
2022-05-06 09:27:00,-1.0
2022-05-06 09:30:00,-1.0
2022-05-06 09:33:00,-1.0
2022-05-06 09:36:00,-1.0
2022-05-06 09:39:00,-1.0
2022-05-06 09:42:00,-1.0
2022-05-06 09:45:00,-1.0
2022-05-06 09:48:00,-1.0
2022-05-06 09:51:00,-1.0
2022-05-06 09:54:00,-1.0
2022-05-06 09:57:00,-1.0
2022-05-06 10:00:00,-1.0
2022-05-06 10:03:00,-1.0
2022-05-06 10:06:00,-1.0
2022-05-06 10:09:00,-1.0
2022-05-06 10:12:00,-1.0
2022-05-06 10:15:00,-1.0
2022-05-06 10:18:00,-1.0
2022-05-06 10:21:00,-1.0
2022-05-06 10:24:00,-1.0
2022-05-06 10:27:00,-1.0
2022-05-06 10:30:00,-1.0
2022-05-06 10:33:00,-1.0
2022-05-06 10:36:00,-1.0
2022-05-06 10:39:00,-1.0
2022-05-06 10:42:00,-1.0
2022-05-06 10:45:00,-1.0
2022-05-06 10:48:00,-1.0
2022-05-06 10:51:00,-1.0
2022-05-06 10:54:00,-1.0
2022-05-06 10:57:00,-1.0
2022-05-06 11:00:00,-1.0
2022-05-06 11:03:00,-1.0
2022-05-06 11:06:00,-1.0
2022-05-06 11:09:00,-1.0
2022-05-06 11:12:00,-1.0
2022-05-06 11:15:00,-1.0
2022-05-06 11:18:00,-1.0
2022-05-06 11:21:00,-1.0
2022-05-06 11:24:00,-1.0
2022-05-06 11:27:00,-1.0
2022-05-06 11:30:00,-1.0
2022-05-06 11:33:00,-1.0
2022-05-06 11:36:00,-1.0
2022-05-06 11:39:00,-1.0
2022-05-06 11:42:00,-1.0
2022-05-06 11:45:00,-1.0
2022-05-06 11:48:00,-1.0
2022-05-06 11:51:00,-1.0
2022-05-06 11:54:00,-1.0
2022-05-06 11:57:00,-1.0
2022-05-06 12:00:00,-1.0
2022-05-06 12:03:00,-1.0
2022-05-06 12:06:00,-1.0
2022-05-06 12:09:00,-1.0
2022-05-06 12:12:00,-1.0
2022-05-06 12:15:00,-1.0
2022-05-06 12:18:00,-1.0
2022-05-06 12:21:00,-1.0
2022-05-06 12:24:00,-1.0
2022-05-06 12:27:00,-1.0
2022-05-06 12:30:00,-1.0
2022-05-06 12:33:00,-1.0
2022-05-06 12:36:00,-1.0
2022-05-06 12:39:00,-1.0
2022-05-06 12:42:00,-1.0
2022-05-06 12:45:00,-1.0
2022-05-06 12:48:00,-1.0
2022-05-06 12:51:00,-1.0
2022-05-06 12:54:00,-1.0
2022-05-06 12:57:00,-1.0
2022-05-06 13:00:00,-1.0
2022-05-06 13:03:00,-1.0
2022-05-06 13:06:00,-1.0
2022-05-06 13:09:00,-1.0
2022-05-06 13:12:00,-1.0
2022-05-06 13:15:00,-1.0
2022-05-06 13:18:00,-1.0
2022-05-06 13:21:00,-1.0
2022-05-06 13:24:00,-1.0
2022-05-06 13:27:00,-1.0
2022-05-06 13:30:00,-1.0
2022-05-06 13:33:00,-1.0
2022-05-06 13:36:00,-1.0
2022-05-06 13:39:00,-1.0
2022-05-06 13:42:00,-1.0
2022-05-06 13:45:00,-1.0
2022-05-06 13:48:00,-1.0
2022-05-06 13:51:00,-1.0
2022-05-06 13:54:00,-1.0
2022-05-06 13:57:00,-1.0
2022-05-06 14:00:00,-1.0
2022-05-06 14:03:00,-1.0
2022-05-06 14:06:00,-1.0
2022-05-06 14:09:00,-1.0
2022-05-06 14:12:00,-1.0
2022-05-06 14:15:00,-1.0
2022-05-06 14:18:00,-1.0
2022-05-06 14:21:00,-1.0
2022-05-06 14:24:00,-1.0
2022-05-06 14:27:00,-1.0
2022-05-06 14:30:00,-1.0
2022-05-06 14:33:00,-1.0
2022-05-06 14:36:00,-1.0
2022-05-06 14:39:00,-1.0
2022-05-06 14:42:00,-1.0
2022-05-06 14:45:00,-1.0
2022-05-06 14:48:00,-1.0
2022-05-06 14:51:00,-1.0
2022-05-06 14:54:00,-1.0
2022-05-06 14:57:00,-1.0
2022-05-06 15:00:00,-1.0
2022-05-06 15:03:00,-1.0
2022-05-06 15:06:00,-1.0
2022-05-06 15:09:00,-1.0
2022-05-06 15:12:00,-1.0
2022-05-06 15:15:00,-1.0
2022-05-06 15:18:00,-1.0
2022-05-06 15:21:00,-1.0
2022-05-06 15:24:00,-1.0
2022-05-06 15:27:00,-1.0
2022-05-06 15:30:00,-1.0
2022-05-06 15:33:00,-1.0
2022-05-06 15:36:00,-1.0
2022-05-06 15:39:00,-1.0
2022-05-06 15:42:00,-1.0
2022-05-06 15:45:00,-1.0
2022-05-06 15:48:00,-1.0
2022-05-06 15:51:00,-1.0
2022-05-06 15:54:00,-1.0
2022-05-06 15:57:00,-1.0
2022-05-06 16:00:00,-1.0
2022-05-06 16:03:00,-1.0
2022-05-06 16:06:00,-1.0
2022-05-06 16:09:00,-1.0
2022-05-06 16:12:00,-1.0
2022-05-06 16:15:00,-1.0
2022-05-06 16:18:00,-1.0
2022-05-06 16:21:00,-1.0
2022-05-06 16:24:00,-1.0
2022-05-06 16:27:00,-1.0
2022-05-06 16:30:00,-1.0
2022-05-06 16:33:00,-1.0
2022-05-06 16:36:00,-1.0
2022-05-06 16:39:00,-1.0
2022-05-06 16:42:00,-1.0
2022-05-06 16:45:00,-1.0
2022-05-06 16:48:00,-1.0
2022-05-06 16:51:00,-1.0
2022-05-06 16:54:00,-1.0
2022-05-06 16:57:00,-1.0
2022-05-06 17:00:00,-1.0
2022-05-06 17:03:00,-1.0
2022-05-06 17:06:00,-1.0
2022-05-06 17:09:00,-1.0
2022-05-06 17:12:00,-1.0
2022-05-06 17:15:00,-1.0
2022-05-06 17:18:00,-1.0
2022-05-06 17:21:00,-1.0
2022-05-06 17:24:00,-1.0
2022-05-06 17:27:00,-1.0
2022-05-06 17:30:00,-1.0
2022-05-06 17:33:00,-1.0
2022-05-06 17:36:00,-1.0
2022-05-06 17:39:00,-1.0
2022-05-06 17:42:00,-1.0
2022-05-06 17:45:00,-1.0
2022-05-06 17:48:00,-1.0
2022-05-06 17:51:00,-1.0
2022-05-06 17:54:00,-1.0
2022-05-06 17:57:00,-1.0
2022-05-06 18:00:00,-1.0
2022-05-06 18:03:00,-1.0
2022-05-06 18:06:00,-1.0
2022-05-06 18:09:00,-1.0
2022-05-06 18:12:00,-1.0
2022-05-06 18:15:00,-1.0
2022-05-06 18:18:00,-1.0
2022-05-06 18:21:00,-1.0
2022-05-06 18:24:00,-1.0
2022-05-06 18:27:00,-1.0
2022-05-06 18:30:00,-1.0
2022-05-06 18:33:00,-1.0
2022-05-06 18:36:00,-1.0
2022-05-06 18:39:00,-1.0
2022-05-06 18:42:00,-1.0
2022-05-06 18:45:00,-1.0
2022-05-06 18:48:00,-1.0
2022-05-06 18:51:00,-1.0
2022-05-06 18:54:00,-1.0
2022-05-06 18:57:00,-1.0
2022-05-06 19:00:00,-1.0
2022-05-06 19:03:00,-1.0
2022-05-06 19:06:00,-1.0
2022-05-06 19:09:00,-1.0
2022-05-06 19:12:00,-1.0
2022-05-06 19:15:00,-1.0
2022-05-06 19:18:00,-1.0
2022-05-06 19:21:00,-1.0
2022-05-06 19:24:00,-1.0
2022-05-06 19:27:00,-1.0
2022-05-06 19:30:00,-1.0
2022-05-06 19:33:00,-1.0
2022-05-06 19:36:00,-1.0
2022-05-06 19:39:00,-1.0
2022-05-06 19:42:00,-1.0
2022-05-06 19:45:00,-1.0
2022-05-06 19:48:00,-1.0
2022-05-06 19:51:00,-1.0
2022-05-06 19:54:00,-1.0
2022-05-06 19:57:00,-1.0
2022-05-06 20:00:00,-1.0
2022-05-06 20:03:00,-1.0
2022-05-06 20:06:00,-1.0
2022-05-06 20:09:00,-1.0
2022-05-06 20:12:00,-1.0
2022-05-06 20:15:00,-1.0
2022-05-06 20:18:00,-1.0
2022-05-06 20:21:00,-1.0
2022-05-06 20:24:00,-1.0
2022-05-06 20:27:00,-1.0
2022-05-06 20:30:00,-1.0
2022-05-06 20:33:00,-1.0
2022-05-06 20:36:00,-1.0
2022-05-06 20:39:00,-1.0
2022-05-06 20:42:00,-1.0
2022-05-06 20:45:00,-1.0
2022-05-06 20:48:00,-1.0
2022-05-06 20:51:00,-1.0
2022-05-06 20:54:00,-1.0
2022-05-06 20:57:00,-1.0
2022-05-06 21:00:00,-1.0
2022-05-06 21:03:00,-1.0
2022-05-06 21:06:00,-1.0
2022-05-06 21:09:00,-1.0
2022-05-06 21:12:00,-1.0
2022-05-06 21:15:00,-1.0
2022-05-06 21:18:00,-1.0
2022-05-06 21:21:00,-1.0
2022-05-06 21:24:00,-1.0
2022-05-06 21:27:00,-1.0
2022-05-06 21:30:00,-1.0
2022-05-06 21:33:00,-1.0
2022-05-06 21:36:00,-1.0
2022-05-06 21:39:00,-1.0
2022-05-06 21:42:00,-1.0
2022-05-06 21:45:00,-1.0
2022-05-06 21:48:00,-1.0
2022-05-06 21:51:00,-1.0
2022-05-06 21:54:00,-1.0
2022-05-06 21:57:00,-1.0
2022-05-06 22:00:00,-1.0
2022-05-06 22:03:00,-1.0
2022-05-06 22:06:00,-1.0
2022-05-06 22:09:00,-1.0
2022-05-06 22:12:00,-1.0
2022-05-06 22:15:00,-1.0
2022-05-06 22:18:00,-1.0
2022-05-06 22:21:00,-1.0
2022-05-06 22:24:00,-1.0
2022-05-06 22:27:00,-1.0
2022-05-06 22:30:00,-1.0
2022-05-06 22:33:00,-1.0
2022-05-06 22:36:00,-1.0
2022-05-06 22:39:00,-1.0
2022-05-06 22:42:00,-1.0
2022-05-06 22:45:00,-1.0
2022-05-06 22:48:00,-1.0
2022-05-06 22:51:00,-1.0
2022-05-06 22:54:00,-1.0
2022-05-06 22:57:00,-1.0
2022-05-06 23:00:00,-1.0
2022-05-06 23:03:00,-1.0
2022-05-06 23:06:00,-1.0
2022-05-06 23:09:00,-1.0
2022-05-06 23:12:00,-1.0
2022-05-06 23:15:00,-1.0
2022-05-06 23:18:00,-1.0
2022-05-06 23:21:00,-1.0
2022-05-06 23:24:00,-1.0
2022-05-06 23:27:00,-1.0
2022-05-06 23:30:00,-1.0
2022-05-06 23:33:00,-1.0
2022-05-06 23:36:00,-1.0
2022-05-06 23:39:00,-1.0
2022-05-06 23:42:00,-1.0
2022-05-06 23:45:00,-1.0
2022-05-06 23:48:00,-1.0
2022-05-06 23:51:00,-1.0
2022-05-06 23:54:00,-1.0
2022-05-06 23:57:00,-1.0
2022-05-07 00:00:00,-1.0
2022-05-07 00:03:00,-1.0
2022-05-07 00:06:00,-1.0
2022-05-07 00:09:00,-1.0
2022-05-07 00:12:00,-1.0
2022-05-07 00:15:00,-1.0
2022-05-07 00:21:00,-1.0
2022-05-07 00:24:00,-1.0
2022-05-07 00:27:00,-1.0
2022-05-07 00:30:00,-1.0
2022-05-07 00:33:00,-1.0
2022-05-07 00:36:00,-1.0
2022-05-07 00:39:00,-1.0
2022-05-07 00:42:00,-1.0
2022-05-07 00:45:00,-1.0
2022-05-07 00:48:00,-1.0
2022-05-07 00:51:00,-1.0
2022-05-07 00:54:00,-1.0
2022-05-07 00:57:00,-1.0
2022-05-07 01:03:00,-1.0
2022-05-07 01:06:00,-1.0
2022-05-07 01:09:00,-1.0
2022-05-07 01:12:00,-1.0
2022-05-07 01:15:00,-1.0
2022-05-07 01:18:00,-1.0
2022-05-07 01:21:00,-1.0
2022-05-07 01:24:00,-1.0
2022-05-07 01:27:00,-1.0
2022-05-07 01:30:00,-1.0
2022-05-07 01:33:00,-1.0
2022-05-07 01:36:00,-1.0
2022-05-07 01:39:00,-1.0
2022-05-07 01:42:00,-1.0
2022-05-07 01:45:00,-1.0
2022-05-07 01:48:00,-1.0
2022-05-07 01:51:00,-1.0
2022-05-07 01:54:00,-1.0
2022-05-07 01:57:00,-1.0
2022-05-07 02:00:00,-1.0
2022-05-07 02:03:00,-1.0
2022-05-07 02:06:00,-1.0
2022-05-07 02:09:00,-1.0
2022-05-07 02:12:00,-1.0
2022-05-07 02:15:00,-1.0
2022-05-07 02:18:00,-1.0
2022-05-07 02:21:00,-1.0
2022-05-07 02:24:00,-1.0
2022-05-07 02:27:00,-1.0
2022-05-07 02:30:00,-1.0
2022-05-07 02:33:00,-1.0
2022-05-07 02:36:00,-1.0
2022-05-07 02:39:00,-1.0
2022-05-07 02:45:00,-1.0
2022-05-07 02:48:00,-1.0
2022-05-07 02:51:00,-1.0
2022-05-07 02:54:00,-1.0
2022-05-07 02:57:00,-1.0
2022-05-07 03:00:00,-1.0
2022-05-07 03:03:00,-1.0
2022-05-07 03:06:00,-1.0
2022-05-07 03:09:00,-1.0
2022-05-07 03:12:00,-1.0
2022-05-07 03:15:00,-1.0
2022-05-07 03:18:00,-1.0
2022-05-07 03:21:00,-1.0
2022-05-07 03:24:00,-1.0
2022-05-07 03:27:00,-1.0
2022-05-07 03:30:00,-1.0
2022-05-07 03:33:00,-1.0
2022-05-07 03:36:00,-1.0
2022-05-07 03:39:00,-1.0
2022-05-07 03:42:00,-1.0
2022-05-07 03:45:00,-1.0
2022-05-07 03:48:00,-1.0
2022-05-07 03:51:00,-1.0
2022-05-07 03:54:00,-1.0
2022-05-07 03:57:00,-1.0
2022-05-07 04:00:00,-1.0
2022-05-07 04:03:00,-1.0
2022-05-07 04:06:00,-1.0
2022-05-07 04:09:00,-1.0
2022-05-07 04:12:00,-1.0
2022-05-07 04:15:00,-1.0
2022-05-07 04:18:00,-1.0
2022-05-07 04:21:00,-1.0
2022-05-07 04:24:00,-1.0
2022-05-07 04:27:00,-1.0
2022-05-07 04:30:00,-1.0
2022-05-07 04:33:00,-1.0
2022-05-07 04:36:00,-1.0
2022-05-07 04:39:00,-1.0
2022-05-07 04:42:00,-1.0
2022-05-07 04:45:00,-1.0
2022-05-07 04:48:00,-1.0
2022-05-07 04:51:00,-1.0
2022-05-07 04:54:00,-1.0
2022-05-07 04:57:00,-1.0
2022-05-07 05:00:00,-1.0
2022-05-07 05:03:00,-1.0
2022-05-07 05:06:00,-1.0
2022-05-07 05:09:00,-1.0
2022-05-07 05:12:00,-1.0
2022-05-07 05:15:00,-1.0
2022-05-07 05:18:00,-1.0
2022-05-07 05:21:00,-1.0
2022-05-07 05:24:00,-1.0
2022-05-07 05:27:00,-1.0
2022-05-07 05:30:00,-1.0
2022-05-07 05:33:00,-1.0
2022-05-07 05:36:00,-1.0
2022-05-07 05:39:00,-1.0
2022-05-07 05:42:00,-1.0
2022-05-07 05:45:00,-1.0
2022-05-07 05:48:00,-1.0
2022-05-07 05:51:00,-1.0
2022-05-07 05:54:00,-1.0
2022-05-07 05:57:00,-1.0
2022-05-07 06:00:00,-1.0
2022-05-07 06:03:00,-1.0
2022-05-07 06:06:00,-1.0
2022-05-07 06:09:00,-1.0
2022-05-07 06:12:00,-1.0
2022-05-07 06:15:00,-1.0
2022-05-07 06:18:00,-1.0
2022-05-07 06:21:00,-1.0
2022-05-07 06:24:00,-1.0
2022-05-07 06:27:00,-1.0
2022-05-07 06:30:00,-1.0
2022-05-07 06:33:00,-1.0
2022-05-07 06:36:00,-1.0
2022-05-07 06:39:00,-1.0
2022-05-07 06:42:00,-1.0
2022-05-07 06:45:00,-1.0
2022-05-07 06:48:00,-1.0
2022-05-07 06:51:00,-1.0
2022-05-07 06:54:00,-1.0
2022-05-07 06:57:00,-1.0
2022-05-07 07:00:00,-1.0
2022-05-07 07:03:00,-1.0
2022-05-07 07:06:00,-1.0
2022-05-07 07:09:00,-1.0
2022-05-07 07:12:00,-1.0
2022-05-07 07:15:00,-1.0
2022-05-07 07:18:00,-1.0
2022-05-07 07:21:00,-1.0
2022-05-07 07:24:00,-1.0
2022-05-07 07:27:00,-1.0
2022-05-07 07:30:00,-1.0
2022-05-07 07:33:00,-1.0
2022-05-07 07:36:00,-1.0
2022-05-07 07:39:00,-1.0
2022-05-07 07:42:00,-1.0
2022-05-07 07:45:00,-1.0
2022-05-07 07:48:00,-1.0
2022-05-07 07:51:00,-1.0
2022-05-07 07:54:00,-1.0
2022-05-07 07:57:00,-1.0
2022-05-07 08:00:00,-1.0
2022-05-07 08:03:00,-1.0
2022-05-07 08:06:00,-1.0
2022-05-07 08:09:00,-1.0
2022-05-07 08:12:00,-1.0
2022-05-07 08:15:00,-1.0
2022-05-07 08:18:00,-1.0
2022-05-07 08:21:00,-1.0
2022-05-07 08:24:00,-1.0
2022-05-07 08:27:00,-1.0
2022-05-07 08:30:00,-1.0
2022-05-07 08:33:00,-1.0
2022-05-07 08:36:00,-1.0
2022-05-07 08:39:00,-1.0
2022-05-07 08:42:00,-1.0
2022-05-07 08:45:00,-1.0
2022-05-07 08:48:00,-1.0
2022-05-07 08:51:00,-1.0
2022-05-07 08:54:00,-1.0
2022-05-07 08:57:00,-1.0
2022-05-07 09:00:00,-1.0
2022-05-07 09:03:00,-1.0
2022-05-07 09:06:00,-1.0
2022-05-07 09:09:00,-1.0
2022-05-07 09:12:00,-1.0
2022-05-07 09:15:00,-1.0
2022-05-07 09:18:00,-1.0
2022-05-07 09:21:00,-1.0
2022-05-07 09:27:00,-1.0
2022-05-07 09:30:00,-1.0
2022-05-07 09:33:00,-1.0
2022-05-07 09:36:00,-1.0
2022-05-07 09:39:00,-1.0
2022-05-07 09:48:00,-1.0
2022-05-07 10:30:00,-1.0
2022-05-07 20:06:00,-1.0
2022-05-07 20:09:00,-1.0
2022-05-07 20:27:00,-1.0
2022-05-07 20:30:00,-1.0
2022-05-07 20:33:00,-1.0
2022-05-07 20:45:00,-1.0
2022-05-07 20:48:00,-1.0
2022-05-07 20:51:00,-1.0
2022-05-07 20:54:00,-1.0
2022-05-07 20:57:00,-1.0
2022-05-07 21:00:00,-1.0
2022-05-07 21:03:00,-1.0
2022-05-07 21:06:00,-1.0
2022-05-07 21:09:00,-1.0
2022-05-07 21:12:00,-1.0
2022-05-07 21:15:00,-1.0
2022-05-07 21:18:00,-1.0
2022-05-07 21:21:00,-1.0
2022-05-07 21:24:00,-1.0
2022-05-07 21:27:00,-1.0
2022-05-07 21:30:00,-1.0
2022-05-07 21:33:00,-1.0
2022-05-07 21:36:00,-1.0
2022-05-07 21:39:00,-1.0
2022-05-07 21:42:00,-1.0
2022-05-07 21:45:00,-1.0
2022-05-07 21:48:00,-1.0
2022-05-07 21:51:00,-1.0
2022-05-07 21:54:00,-1.0
2022-05-07 21:57:00,-1.0
2022-05-07 22:00:00,-1.0
2022-05-07 22:03:00,-1.0
2022-05-07 22:06:00,-1.0
2022-05-07 22:09:00,-1.0
2022-05-07 22:12:00,-1.0
2022-05-07 22:15:00,-1.0
2022-05-07 22:18:00,-1.0
2022-05-07 22:21:00,-1.0
2022-05-07 22:24:00,-1.0
2022-05-07 22:27:00,-1.0
2022-05-07 22:30:00,-1.0
2022-05-07 22:33:00,-1.0
2022-05-07 22:36:00,-1.0
2022-05-07 22:39:00,-1.0
2022-05-07 22:42:00,-1.0
2022-05-07 22:45:00,-1.0
2022-05-07 22:48:00,-1.0
2022-05-07 22:51:00,-1.0
2022-05-07 22:54:00,-1.0
2022-05-07 22:57:00,-1.0
2022-05-07 23:00:00,-1.0
2022-05-07 23:03:00,-1.0
2022-05-07 23:06:00,-1.0
2022-05-07 23:09:00,-1.0
2022-05-07 23:12:00,-1.0
2022-05-07 23:15:00,-1.0
2022-05-07 23:18:00,-1.0
2022-05-07 23:21:00,-1.0
2022-05-07 23:24:00,-1.0
2022-05-07 23:27:00,-1.0
2022-05-07 23:30:00,-1.0
2022-05-07 23:33:00,-1.0
2022-05-07 23:36:00,-1.0
2022-05-07 23:39:00,-1.0
2022-05-07 23:42:00,-1.0
2022-05-07 23:45:00,-1.0
2022-05-07 23:48:00,-1.0
2022-05-07 23:51:00,-1.0
2022-05-07 23:54:00,-1.0
2022-05-07 23:57:00,-1.0
2022-05-08 00:00:00,-1.0
2022-05-08 00:03:00,-1.0
2022-05-08 00:06:00,-1.0
2022-05-08 00:09:00,-1.0
2022-05-08 00:12:00,-1.0
2022-05-08 00:15:00,-1.0
2022-05-08 00:18:00,-1.0
2022-05-08 00:21:00,-1.0
2022-05-08 00:24:00,-1.0
2022-05-08 00:27:00,-1.0
2022-05-08 00:30:00,-1.0
2022-05-08 00:33:00,-1.0
2022-05-08 00:36:00,-1.0
2022-05-08 00:39:00,-1.0
2022-05-08 00:42:00,-1.0
2022-05-08 00:45:00,-1.0
2022-05-08 00:48:00,-1.0
2022-05-08 00:51:00,-1.0
2022-05-08 00:54:00,-1.0
2022-05-08 00:57:00,-1.0
2022-05-08 01:00:00,-1.0
2022-05-08 01:03:00,-1.0
2022-05-08 01:06:00,-1.0
2022-05-08 01:09:00,-1.0
2022-05-08 01:12:00,-1.0
2022-05-08 01:15:00,-1.0
2022-05-08 01:18:00,-1.0
2022-05-08 01:21:00,-1.0
2022-05-08 01:24:00,-1.0
2022-05-08 01:27:00,-1.0
2022-05-08 01:30:00,-1.0
2022-05-08 01:33:00,-1.0
2022-05-08 01:36:00,-1.0
2022-05-08 01:39:00,-1.0
2022-05-08 01:42:00,-1.0
2022-05-08 01:45:00,-1.0
2022-05-08 01:48:00,-1.0
2022-05-08 01:51:00,-1.0
2022-05-08 01:54:00,-1.0
2022-05-08 01:57:00,-1.0
2022-05-08 02:00:00,-1.0
2022-05-08 02:03:00,-1.0
2022-05-08 02:06:00,-1.0
2022-05-08 02:09:00,-1.0
2022-05-08 02:12:00,-1.0
2022-05-08 02:15:00,-1.0
2022-05-08 02:18:00,-1.0
2022-05-08 02:21:00,-1.0
2022-05-08 02:24:00,-1.0
2022-05-08 02:27:00,-1.0
2022-05-08 02:30:00,-1.0
2022-05-08 02:33:00,-1.0
2022-05-08 02:36:00,-1.0
2022-05-08 02:39:00,-1.0
2022-05-08 02:42:00,-1.0
2022-05-08 02:45:00,-1.0
2022-05-08 02:48:00,-1.0
2022-05-08 02:51:00,-1.0
2022-05-08 02:54:00,-1.0
2022-05-08 02:57:00,-1.0
2022-05-08 03:00:00,-1.0
2022-05-08 03:03:00,-1.0
2022-05-08 03:06:00,-1.0
2022-05-08 03:09:00,-1.0
2022-05-08 03:12:00,-1.0
2022-05-08 03:15:00,-1.0
2022-05-08 03:18:00,-1.0
2022-05-08 03:21:00,-1.0
2022-05-08 03:24:00,-1.0
2022-05-08 03:27:00,-1.0
2022-05-08 03:30:00,-1.0
2022-05-08 03:33:00,-1.0
2022-05-08 03:36:00,-1.0
2022-05-08 03:39:00,-1.0
2022-05-08 03:42:00,-1.0
2022-05-08 03:45:00,-1.0
2022-05-08 03:48:00,-1.0
2022-05-08 03:51:00,-1.0
2022-05-08 03:54:00,-1.0
2022-05-08 03:57:00,-1.0
2022-05-08 04:00:00,-1.0
2022-05-08 04:03:00,-1.0
2022-05-08 04:06:00,-1.0
2022-05-08 04:09:00,-1.0
2022-05-08 04:12:00,-1.0
2022-05-08 04:15:00,-1.0
2022-05-08 04:18:00,-1.0
2022-05-08 04:21:00,-1.0
2022-05-08 04:24:00,-1.0
2022-05-08 04:27:00,-1.0
2022-05-08 04:30:00,-1.0
2022-05-08 04:33:00,-1.0
2022-05-08 04:36:00,-1.0
2022-05-08 04:39:00,-1.0
2022-05-08 04:42:00,-1.0
2022-05-08 04:45:00,-1.0
2022-05-08 04:48:00,-1.0
2022-05-08 04:51:00,-1.0
2022-05-08 04:54:00,-1.0
2022-05-08 04:57:00,-1.0
2022-05-08 05:00:00,-1.0
2022-05-08 05:03:00,-1.0
2022-05-08 05:06:00,-1.0
2022-05-08 05:09:00,-1.0
2022-05-08 05:12:00,-1.0
2022-05-08 05:15:00,-1.0
2022-05-08 05:18:00,-1.0
2022-05-08 05:21:00,-1.0
2022-05-08 05:24:00,-1.0
2022-05-08 05:27:00,-1.0
2022-05-08 05:30:00,-1.0
2022-05-08 05:33:00,-1.0
2022-05-08 05:36:00,-1.0
2022-05-08 05:39:00,-1.0
2022-05-08 05:42:00,-1.0
2022-05-08 05:45:00,-1.0
2022-05-08 05:48:00,-1.0
2022-05-08 05:51:00,-1.0
2022-05-08 05:54:00,-1.0
2022-05-08 05:57:00,-1.0
2022-05-08 06:00:00,-1.0
2022-05-08 06:03:00,-1.0
2022-05-08 06:06:00,-1.0
2022-05-08 06:09:00,-1.0
2022-05-08 06:12:00,-1.0
2022-05-08 06:15:00,-1.0
2022-05-08 06:18:00,-1.0
2022-05-08 06:21:00,-1.0
2022-05-08 06:24:00,-1.0
2022-05-08 06:27:00,-1.0
2022-05-08 06:30:00,-1.0
2022-05-08 06:33:00,-1.0
2022-05-08 06:36:00,-1.0
2022-05-08 06:39:00,-1.0
2022-05-08 06:42:00,-1.0
2022-05-08 06:45:00,-1.0
2022-05-08 06:48:00,-1.0
2022-05-08 06:51:00,-1.0
2022-05-08 06:54:00,-1.0
2022-05-08 06:57:00,-1.0
2022-05-08 07:00:00,-1.0
2022-05-08 07:03:00,-1.0
2022-05-08 07:06:00,-1.0
2022-05-08 07:09:00,-1.0
2022-05-08 07:12:00,-1.0
2022-05-08 07:15:00,-1.0
2022-05-08 07:18:00,-1.0
2022-05-08 07:21:00,-1.0
2022-05-08 07:24:00,-1.0
2022-05-08 07:27:00,-1.0
2022-05-08 07:30:00,-1.0
2022-05-08 07:33:00,-1.0
2022-05-08 07:36:00,-1.0
2022-05-08 07:39:00,-1.0
2022-05-08 07:42:00,-1.0
2022-05-08 07:45:00,-1.0
2022-05-08 07:48:00,-1.0
2022-05-08 07:51:00,-1.0
2022-05-08 07:54:00,-1.0
2022-05-08 07:57:00,-1.0
2022-05-08 08:00:00,-1.0
2022-05-08 08:03:00,-1.0
2022-05-08 08:06:00,-1.0
2022-05-08 08:09:00,-1.0
2022-05-08 08:12:00,-1.0
2022-05-08 08:15:00,-1.0
2022-05-08 08:18:00,-1.0
2022-05-08 08:21:00,-1.0
2022-05-08 08:24:00,-1.0
2022-05-08 08:27:00,-1.0
2022-05-08 08:30:00,-1.0
2022-05-08 08:33:00,-1.0
2022-05-08 08:36:00,-1.0
2022-05-08 08:39:00,-1.0
2022-05-08 08:42:00,-1.0
2022-05-08 08:45:00,-1.0
2022-05-08 08:48:00,-1.0
2022-05-08 08:51:00,-1.0
2022-05-08 08:54:00,-1.0
2022-05-08 08:57:00,-1.0
2022-05-08 09:00:00,-1.0
2022-05-08 09:03:00,-1.0
2022-05-08 09:06:00,-1.0
2022-05-08 09:09:00,-1.0
2022-05-08 09:12:00,-1.0
2022-05-08 09:15:00,-1.0
2022-05-08 09:18:00,-1.0
2022-05-08 09:21:00,-1.0
2022-05-08 09:24:00,-1.0
2022-05-08 09:27:00,-1.0
2022-05-08 09:30:00,-1.0
2022-05-08 09:33:00,-1.0
2022-05-08 09:36:00,-1.0
2022-05-08 09:39:00,-1.0
2022-05-08 09:42:00,-1.0
2022-05-08 09:45:00,-1.0
2022-05-08 09:48:00,-1.0
2022-05-08 09:51:00,-1.0
2022-05-08 09:54:00,-1.0
2022-05-08 09:57:00,-1.0
2022-05-08 10:00:00,-1.0
2022-05-08 10:03:00,-1.0
2022-05-08 10:06:00,-1.0
2022-05-08 10:09:00,-1.0
2022-05-08 10:12:00,-1.0
2022-05-08 10:15:00,-1.0
2022-05-08 10:18:00,-1.0
2022-05-08 10:21:00,-1.0
2022-05-08 10:24:00,-1.0
2022-05-08 10:27:00,-1.0
2022-05-08 10:30:00,-1.0
2022-05-08 10:33:00,-1.0
2022-05-08 10:36:00,-1.0
2022-05-08 10:39:00,-1.0
2022-05-08 10:42:00,-1.0
2022-05-08 10:45:00,-1.0
2022-05-08 10:48:00,-1.0
2022-05-08 10:51:00,-1.0
2022-05-08 10:54:00,-1.0
2022-05-08 10:57:00,-1.0
2022-05-08 11:00:00,-1.0
2022-05-08 11:03:00,-1.0
2022-05-08 11:06:00,-1.0
2022-05-08 11:09:00,-1.0
2022-05-08 11:12:00,-1.0
2022-05-08 11:15:00,-1.0
2022-05-08 11:18:00,-1.0
2022-05-08 11:21:00,-1.0
2022-05-08 11:24:00,-1.0
2022-05-08 11:27:00,-1.0
2022-05-08 11:30:00,-1.0
2022-05-08 11:36:00,-1.0
2022-05-08 11:42:00,-1.0
2022-05-08 11:45:00,-1.0
2022-05-08 11:48:00,-1.0
2022-05-08 11:51:00,-1.0
2022-05-08 11:54:00,-1.0
2022-05-08 11:57:00,-1.0
2022-05-08 12:00:00,-1.0
2022-05-08 12:03:00,-1.0
2022-05-08 12:06:00,-1.0
2022-05-08 12:09:00,-1.0
2022-05-08 12:12:00,-1.0
2022-05-08 12:15:00,-1.0
2022-05-08 12:18:00,-1.0
2022-05-08 12:24:00,-1.0
2022-05-08 12:27:00,-1.0
2022-05-08 12:30:00,-1.0
2022-05-08 12:33:00,-1.0
2022-05-08 12:42:00,-1.0
2022-05-08 12:48:00,-1.0
2022-05-08 12:51:00,-1.0
2022-05-08 12:54:00,-1.0
2022-05-08 12:57:00,-1.0
2022-05-08 13:00:00,-1.0
2022-05-08 13:03:00,-1.0
2022-05-08 13:09:00,-1.0
2022-05-08 13:12:00,-1.0
2022-05-08 13:15:00,-1.0
2022-05-08 13:18:00,-1.0
2022-05-08 13:21:00,-1.0
2022-05-08 13:24:00,-1.0
2022-05-08 13:27:00,-1.0
2022-05-08 13:30:00,-1.0
2022-05-08 13:33:00,-1.0
2022-05-08 13:36:00,-1.0
2022-05-08 13:39:00,-1.0
2022-05-08 13:42:00,-1.0
2022-05-08 13:45:00,-1.0
2022-05-08 13:48:00,-1.0
2022-05-08 13:51:00,-1.0
2022-05-08 13:54:00,-1.0
2022-05-08 13:57:00,-1.0
2022-05-08 14:00:00,-1.0
2022-05-08 14:03:00,-1.0
2022-05-08 14:06:00,-1.0
2022-05-08 14:09:00,-1.0
2022-05-08 14:12:00,-1.0
2022-05-08 14:15:00,-1.0
2022-05-08 14:18:00,-1.0
2022-05-08 14:21:00,-1.0
2022-05-08 14:24:00,-1.0
2022-05-08 14:27:00,-1.0
2022-05-08 14:30:00,-1.0
2022-05-08 14:33:00,-1.0
2022-05-08 14:36:00,-1.0
2022-05-08 14:39:00,-1.0
2022-05-08 14:42:00,-1.0
2022-05-08 14:45:00,-1.0
2022-05-08 14:48:00,-1.0
2022-05-08 14:51:00,-1.0
2022-05-08 14:54:00,-1.0
2022-05-08 14:57:00,-1.0
2022-05-08 15:00:00,-1.0
2022-05-08 15:03:00,-1.0
2022-05-08 15:06:00,-1.0
2022-05-08 15:09:00,-1.0
2022-05-08 15:12:00,-1.0
2022-05-08 15:15:00,-1.0
2022-05-08 15:18:00,-1.0
2022-05-08 15:21:00,-1.0
2022-05-08 15:24:00,-1.0
2022-05-08 15:27:00,-1.0
2022-05-08 15:30:00,-1.0
2022-05-08 15:33:00,-1.0
2022-05-08 15:36:00,-1.0
2022-05-08 15:39:00,-1.0
2022-05-08 15:42:00,-1.0
2022-05-08 15:45:00,-1.0
2022-05-08 15:48:00,-1.0
2022-05-08 15:51:00,-1.0
2022-05-08 15:54:00,-1.0
2022-05-08 15:57:00,-1.0
2022-05-08 16:00:00,-1.0
2022-05-08 16:03:00,-1.0
2022-05-08 16:06:00,-1.0
2022-05-08 16:09:00,-1.0
2022-05-08 16:12:00,-1.0
2022-05-08 16:15:00,-1.0
2022-05-08 16:18:00,-1.0
2022-05-08 16:21:00,-1.0
2022-05-08 16:24:00,-1.0
2022-05-08 16:27:00,-1.0
2022-05-08 16:30:00,-1.0
2022-05-08 16:33:00,-1.0
2022-05-08 16:36:00,-1.0
2022-05-08 16:39:00,-1.0
2022-05-08 16:42:00,-1.0
2022-05-08 16:45:00,-1.0
2022-05-08 16:48:00,-1.0
2022-05-08 16:51:00,-1.0
2022-05-08 16:54:00,-1.0
2022-05-08 16:57:00,-1.0
2022-05-08 17:00:00,-1.0
2022-05-08 17:03:00,-1.0
2022-05-08 17:06:00,-1.0
2022-05-08 17:09:00,-1.0
2022-05-08 17:12:00,-1.0
2022-05-08 17:15:00,-1.0
2022-05-08 17:18:00,-1.0
2022-05-08 17:21:00,-1.0
2022-05-08 17:24:00,-1.0
2022-05-08 17:27:00,-1.0
2022-05-08 17:30:00,-1.0
2022-05-08 17:33:00,-1.0
2022-05-08 17:36:00,-1.0
2022-05-08 17:39:00,-1.0
2022-05-08 17:42:00,-1.0
2022-05-08 17:45:00,-1.0
2022-05-08 17:48:00,-1.0
2022-05-08 17:51:00,-1.0
2022-05-08 17:54:00,-1.0
2022-05-08 17:57:00,-1.0
2022-05-08 18:00:00,-1.0
2022-05-08 18:03:00,-1.0
2022-05-08 18:06:00,-1.0
2022-05-08 18:09:00,-1.0
2022-05-08 18:12:00,-1.0
2022-05-08 18:15:00,-1.0
2022-05-08 18:18:00,-1.0
2022-05-08 18:21:00,-1.0
2022-05-08 18:24:00,-1.0
2022-05-08 18:27:00,-1.0
2022-05-08 18:30:00,-1.0
2022-05-08 18:33:00,-1.0
2022-05-08 18:36:00,-1.0
2022-05-08 18:39:00,-1.0
2022-05-08 18:42:00,-1.0
2022-05-08 18:45:00,-1.0
2022-05-08 18:48:00,-1.0
2022-05-08 18:51:00,-1.0
2022-05-08 18:54:00,-1.0
2022-05-08 18:57:00,-1.0
2022-05-08 19:00:00,-1.0
2022-05-08 19:03:00,-1.0
2022-05-08 19:06:00,-1.0
2022-05-08 19:09:00,-1.0
2022-05-08 19:12:00,-1.0
2022-05-08 19:15:00,-1.0
2022-05-08 19:18:00,-1.0
2022-05-08 19:21:00,-1.0
2022-05-08 19:24:00,-1.0
2022-05-08 19:27:00,-1.0
2022-05-08 19:30:00,-1.0
2022-05-08 19:33:00,-1.0
2022-05-08 19:36:00,-1.0
2022-05-08 19:39:00,-1.0
2022-05-08 19:42:00,-1.0
2022-05-08 19:45:00,-1.0
2022-05-08 19:48:00,-1.0
2022-05-08 19:51:00,-1.0
2022-05-08 19:54:00,-1.0
2022-05-08 19:57:00,-1.0
2022-05-08 20:00:00,-1.0
2022-05-08 20:03:00,-1.0
2022-05-08 20:06:00,-1.0
2022-05-08 20:09:00,-1.0
2022-05-08 20:12:00,-1.0
2022-05-08 20:15:00,-1.0
2022-05-08 20:18:00,-1.0
2022-05-08 20:24:00,-1.0
2022-05-08 20:27:00,-1.0
2022-05-08 20:30:00,-1.0
2022-05-08 20:33:00,-1.0
2022-05-08 20:36:00,-1.0
2022-05-08 20:39:00,-1.0
2022-05-08 20:42:00,-1.0
2022-05-08 20:45:00,-1.0
2022-05-08 20:48:00,-1.0
2022-05-08 20:51:00,-1.0
2022-05-08 20:54:00,-1.0
2022-05-08 20:57:00,-1.0
2022-05-08 21:00:00,-1.0
2022-05-08 21:03:00,-1.0
2022-05-08 21:06:00,-1.0
2022-05-08 21:09:00,-1.0
2022-05-08 21:12:00,-1.0
2022-05-08 21:15:00,-1.0
2022-05-08 21:18:00,-1.0
2022-05-08 21:21:00,-1.0
2022-05-08 21:24:00,-1.0
2022-05-08 21:27:00,-1.0
2022-05-08 21:30:00,-1.0
2022-05-08 21:33:00,-1.0
2022-05-08 21:36:00,-1.0
2022-05-08 21:39:00,-1.0
2022-05-08 21:42:00,-1.0
2022-05-08 21:45:00,-1.0
2022-05-08 21:48:00,-1.0
2022-05-08 21:51:00,-1.0
2022-05-08 21:54:00,-1.0
2022-05-08 21:57:00,-1.0
2022-05-08 22:00:00,-1.0
2022-05-08 22:03:00,-1.0
2022-05-08 22:06:00,-1.0
2022-05-08 22:09:00,-1.0
2022-05-08 22:12:00,-1.0
2022-05-08 22:15:00,-1.0
2022-05-08 22:18:00,-1.0
2022-05-08 22:21:00,-1.0
2022-05-08 22:24:00,-1.0
2022-05-08 22:27:00,-1.0
2022-05-08 22:30:00,-1.0
2022-05-08 22:33:00,-1.0
2022-05-08 22:36:00,-1.0
2022-05-08 22:39:00,-1.0
2022-05-08 22:42:00,-1.0
2022-05-08 22:45:00,-1.0
2022-05-08 22:48:00,-1.0
2022-05-08 22:51:00,-1.0
2022-05-08 22:54:00,-1.0
2022-05-08 22:57:00,-1.0
2022-05-08 23:00:00,-1.0
2022-05-08 23:03:00,-1.0
2022-05-08 23:06:00,-1.0
2022-05-08 23:09:00,-1.0
2022-05-08 23:12:00,-1.0
2022-05-08 23:15:00,-1.0
2022-05-08 23:18:00,-1.0
2022-05-08 23:21:00,-1.0
2022-05-08 23:24:00,-1.0
2022-05-08 23:27:00,-1.0
2022-05-08 23:30:00,-1.0
2022-05-08 23:33:00,-1.0
2022-05-08 23:36:00,-1.0
2022-05-08 23:39:00,-1.0
2022-05-08 23:42:00,-1.0
2022-05-08 23:45:00,-1.0
2022-05-08 23:48:00,-1.0
2022-05-08 23:51:00,-1.0
2022-05-08 23:54:00,-1.0
2022-05-08 23:57:00,-1.0
2022-05-09 00:00:00,-1.0
2022-05-09 00:03:00,-1.0
2022-05-09 00:06:00,-1.0
2022-05-09 00:09:00,-1.0
2022-05-09 00:12:00,-1.0
2022-05-09 00:15:00,-1.0
2022-05-09 00:18:00,-1.0
2022-05-09 00:21:00,-1.0
2022-05-09 00:24:00,-1.0
2022-05-09 00:27:00,-1.0
2022-05-09 00:30:00,-1.0
2022-05-09 00:33:00,-1.0
2022-05-09 00:36:00,-1.0
2022-05-09 00:39:00,-1.0
2022-05-09 00:42:00,-1.0
2022-05-09 00:45:00,-1.0
2022-05-09 00:48:00,-1.0
2022-05-09 00:51:00,-1.0
2022-05-09 00:54:00,-1.0
2022-05-09 00:57:00,-1.0
2022-05-09 01:00:00,-1.0
2022-05-09 01:03:00,-1.0
2022-05-09 01:06:00,-1.0
2022-05-09 01:09:00,-1.0
2022-05-09 01:12:00,-1.0
2022-05-09 01:15:00,-1.0
2022-05-09 01:18:00,-1.0
2022-05-09 01:21:00,-1.0
2022-05-09 01:24:00,-1.0
2022-05-09 01:27:00,-1.0
2022-05-09 01:30:00,-1.0
2022-05-09 01:33:00,-1.0
2022-05-09 01:36:00,-1.0
2022-05-09 01:39:00,-1.0
2022-05-09 01:42:00,-1.0
2022-05-09 01:45:00,-1.0
2022-05-09 01:48:00,-1.0
2022-05-09 01:51:00,-1.0
2022-05-09 01:54:00,-1.0
2022-05-09 01:57:00,-1.0
2022-05-09 02:00:00,-1.0
2022-05-09 02:03:00,-1.0
2022-05-09 02:06:00,-1.0
2022-05-09 02:09:00,-1.0
2022-05-09 02:12:00,-1.0
2022-05-09 02:15:00,-1.0
2022-05-09 02:18:00,-1.0
2022-05-09 02:21:00,-1.0
2022-05-09 02:24:00,-1.0
2022-05-09 02:27:00,-1.0
2022-05-09 02:30:00,-1.0
2022-05-09 02:33:00,-1.0
2022-05-09 02:36:00,-1.0
2022-05-09 02:39:00,-1.0
2022-05-09 02:42:00,-1.0
2022-05-09 02:45:00,-1.0
2022-05-09 02:48:00,-1.0
2022-05-09 02:51:00,-1.0
2022-05-09 02:54:00,-1.0
2022-05-09 02:57:00,-1.0
2022-05-09 03:00:00,-1.0
2022-05-09 03:03:00,-1.0
2022-05-09 03:06:00,-1.0
2022-05-09 03:09:00,-1.0
2022-05-09 03:12:00,-1.0
2022-05-09 03:15:00,-1.0
2022-05-09 03:18:00,-1.0
2022-05-09 03:21:00,-1.0
2022-05-09 03:24:00,-1.0
2022-05-09 03:27:00,-1.0
2022-05-09 03:30:00,-1.0
2022-05-09 03:33:00,-1.0
2022-05-09 03:36:00,-1.0
2022-05-09 03:39:00,-1.0
2022-05-09 03:42:00,-1.0
2022-05-09 03:45:00,-1.0
2022-05-09 03:48:00,-1.0
2022-05-09 03:51:00,-1.0
2022-05-09 03:54:00,-1.0
2022-05-09 03:57:00,-1.0
2022-05-09 04:00:00,-1.0
2022-05-09 04:03:00,-1.0
2022-05-09 04:06:00,-1.0
2022-05-09 04:09:00,-1.0
2022-05-09 04:12:00,-1.0
2022-05-09 04:15:00,-1.0
2022-05-09 04:18:00,-1.0
2022-05-09 04:21:00,-1.0
2022-05-09 04:24:00,-1.0
2022-05-09 04:27:00,-1.0
2022-05-09 04:30:00,-1.0
2022-05-09 04:33:00,-1.0
2022-05-09 04:36:00,-1.0
2022-05-09 04:39:00,-1.0
2022-05-09 04:42:00,-1.0
2022-05-09 04:45:00,-1.0
2022-05-09 04:48:00,-1.0
2022-05-09 04:51:00,-1.0
2022-05-09 04:54:00,-1.0
2022-05-09 04:57:00,-1.0
2022-05-09 05:00:00,-1.0
2022-05-09 05:03:00,-1.0
2022-05-09 05:06:00,-1.0
2022-05-09 05:09:00,-1.0
2022-05-09 05:12:00,-1.0
2022-05-09 05:15:00,-1.0
2022-05-09 05:18:00,-1.0
2022-05-09 05:21:00,-1.0
2022-05-09 05:24:00,-1.0
2022-05-09 05:27:00,-1.0
2022-05-09 05:30:00,-1.0
2022-05-09 05:33:00,-1.0
2022-05-09 05:36:00,-1.0
2022-05-09 05:39:00,-1.0
2022-05-09 05:42:00,-1.0
2022-05-09 05:45:00,-1.0
2022-05-09 05:48:00,-1.0
2022-05-09 05:51:00,-1.0
2022-05-09 05:54:00,-1.0
2022-05-09 05:57:00,-1.0
2022-05-09 06:00:00,-1.0
2022-05-09 06:03:00,-1.0
2022-05-09 06:06:00,-1.0
2022-05-09 06:09:00,-1.0
2022-05-09 06:12:00,-1.0
2022-05-09 06:15:00,-1.0
2022-05-09 06:18:00,-1.0
2022-05-09 06:21:00,-1.0
2022-05-09 06:24:00,-1.0
2022-05-09 06:27:00,-1.0
2022-05-09 06:30:00,-1.0
2022-05-09 06:33:00,-1.0
2022-05-09 06:36:00,-1.0
2022-05-09 06:39:00,-1.0
2022-05-09 06:42:00,-1.0
2022-05-09 06:45:00,-1.0
2022-05-09 06:48:00,-1.0
2022-05-09 06:51:00,-1.0
2022-05-09 06:54:00,-1.0
2022-05-09 06:57:00,-1.0
2022-05-09 07:00:00,-1.0
2022-05-09 07:03:00,-1.0
2022-05-09 07:06:00,-1.0
2022-05-09 07:09:00,-1.0
2022-05-09 07:12:00,-1.0
2022-05-09 07:15:00,-1.0
2022-05-09 07:18:00,-1.0
2022-05-09 07:21:00,-1.0
2022-05-09 07:24:00,-1.0
2022-05-09 07:27:00,-1.0
2022-05-09 07:30:00,-1.0
2022-05-09 07:33:00,-1.0
2022-05-09 07:36:00,-1.0
2022-05-09 07:39:00,-1.0
2022-05-09 07:42:00,-1.0
2022-05-09 07:45:00,-1.0
2022-05-09 07:48:00,-1.0
2022-05-09 07:51:00,-1.0
2022-05-09 07:54:00,-1.0
2022-05-09 07:57:00,-1.0
2022-05-09 08:00:00,-1.0
2022-05-09 08:03:00,-1.0
2022-05-09 08:06:00,-1.0
2022-05-09 08:09:00,-1.0
2022-05-09 08:12:00,-1.0
2022-05-09 08:15:00,-1.0
2022-05-09 08:18:00,-1.0
2022-05-09 08:21:00,-1.0
2022-05-09 08:24:00,-1.0
2022-05-09 08:27:00,-1.0
2022-05-09 08:30:00,-1.0
2022-05-09 08:33:00,-1.0
2022-05-09 08:36:00,-1.0
2022-05-09 08:39:00,-1.0
2022-05-09 08:42:00,-1.0
2022-05-09 08:45:00,-1.0
2022-05-09 08:48:00,-1.0
2022-05-09 08:51:00,-1.0
2022-05-09 08:54:00,-1.0
2022-05-09 08:57:00,-1.0
2022-05-09 09:00:00,-1.0
2022-05-09 09:03:00,-1.0
2022-05-09 09:06:00,-1.0
2022-05-09 09:09:00,-1.0
2022-05-09 09:12:00,-1.0
2022-05-09 09:15:00,-1.0
2022-05-09 09:18:00,-1.0
2022-05-09 09:21:00,-1.0
2022-05-09 09:24:00,-1.0
2022-05-09 09:27:00,-1.0
2022-05-09 09:30:00,-1.0
2022-05-09 09:33:00,-1.0
2022-05-09 09:36:00,-1.0
2022-05-09 09:39:00,-1.0
2022-05-09 09:42:00,-1.0
2022-05-09 09:45:00,-1.0
2022-05-09 09:48:00,-1.0
2022-05-09 09:51:00,-1.0
2022-05-09 09:54:00,-1.0
2022-05-09 09:57:00,-1.0
2022-05-09 10:00:00,-1.0
2022-05-09 10:03:00,-1.0
2022-05-09 10:06:00,-1.0
2022-05-09 10:09:00,-1.0
2022-05-09 10:12:00,-1.0
2022-05-09 10:15:00,-1.0
2022-05-09 10:18:00,-1.0
2022-05-09 10:21:00,-1.0
2022-05-09 10:24:00,-1.0
2022-05-09 10:27:00,-1.0
2022-05-09 10:30:00,-1.0
2022-05-09 10:33:00,-1.0
2022-05-09 10:36:00,-1.0
2022-05-09 10:39:00,-1.0
2022-05-09 10:42:00,-1.0
2022-05-09 10:45:00,-1.0
2022-05-09 10:48:00,-1.0
2022-05-09 10:51:00,-1.0
2022-05-09 10:54:00,-1.0
2022-05-09 10:57:00,-1.0
2022-05-09 11:00:00,-1.0
2022-05-09 11:03:00,-1.0
2022-05-09 11:06:00,-1.0
2022-05-09 11:09:00,-1.0
2022-05-09 11:12:00,-1.0
2022-05-09 11:15:00,-1.0
2022-05-09 11:18:00,-1.0
2022-05-09 11:21:00,-1.0
2022-05-09 11:24:00,-1.0
2022-05-09 11:27:00,-1.0
2022-05-09 11:30:00,-1.0
2022-05-09 11:33:00,-1.0
2022-05-09 11:36:00,-1.0
2022-05-09 11:39:00,-1.0
2022-05-09 11:42:00,-1.0
2022-05-09 11:45:00,-1.0
2022-05-09 11:48:00,-1.0
2022-05-09 11:51:00,-1.0
2022-05-09 11:54:00,-1.0
2022-05-09 11:57:00,-1.0
2022-05-09 12:00:00,-1.0
2022-05-09 12:03:00,-1.0
2022-05-09 12:06:00,-1.0
2022-05-09 12:09:00,-1.0
2022-05-09 12:12:00,-1.0
2022-05-09 12:15:00,-1.0
2022-05-09 12:18:00,-1.0
2022-05-09 12:21:00,-1.0
2022-05-09 12:24:00,-1.0
2022-05-09 12:27:00,-1.0
2022-05-09 12:30:00,-1.0
2022-05-09 12:33:00,-1.0
2022-05-09 12:36:00,-1.0
2022-05-09 12:39:00,-1.0
2022-05-09 12:42:00,-1.0
2022-05-09 12:45:00,-1.0
2022-05-09 12:48:00,-1.0
2022-05-09 12:51:00,-1.0
2022-05-09 12:54:00,-1.0
2022-05-09 12:57:00,-1.0
2022-05-09 13:00:00,-1.0
2022-05-09 13:03:00,-1.0
2022-05-09 13:06:00,-1.0
2022-05-09 13:09:00,-1.0
2022-05-09 13:12:00,-1.0
2022-05-09 13:15:00,-1.0
2022-05-09 13:18:00,-1.0
2022-05-09 13:21:00,-1.0
2022-05-09 13:24:00,-1.0
2022-05-09 13:27:00,-1.0
2022-05-09 13:30:00,-1.0
2022-05-09 13:33:00,-1.0
2022-05-09 13:36:00,-1.0
2022-05-09 13:39:00,-1.0
2022-05-09 13:42:00,-1.0
2022-05-09 13:45:00,-1.0
2022-05-09 13:48:00,-1.0
2022-05-09 13:51:00,-1.0
2022-05-09 13:54:00,-1.0
2022-05-09 13:57:00,-1.0
2022-05-09 14:00:00,-1.0
2022-05-09 14:03:00,-1.0
2022-05-09 14:06:00,-1.0
2022-05-09 14:09:00,-1.0
2022-05-09 14:12:00,-1.0
2022-05-09 14:15:00,-1.0
2022-05-09 14:18:00,-1.0
2022-05-09 14:21:00,-1.0
2022-05-09 14:24:00,-1.0
2022-05-09 14:27:00,-1.0
2022-05-09 14:30:00,-1.0
2022-05-09 14:33:00,-1.0
2022-05-09 14:36:00,-1.0
2022-05-09 14:39:00,-1.0
2022-05-09 14:42:00,-1.0
2022-05-09 14:45:00,-1.0
2022-05-09 14:48:00,-1.0
2022-05-09 14:51:00,-1.0
2022-05-09 14:54:00,-1.0
2022-05-09 14:57:00,-1.0
2022-05-09 15:00:00,-1.0
2022-05-09 15:03:00,-1.0
2022-05-09 15:06:00,-1.0
2022-05-09 15:09:00,-1.0
2022-05-09 15:12:00,-1.0
2022-05-09 15:15:00,-1.0
2022-05-09 15:18:00,-1.0
2022-05-09 15:21:00,-1.0
2022-05-09 15:24:00,-1.0
2022-05-09 15:27:00,-1.0
2022-05-09 15:30:00,-1.0
2022-05-09 15:33:00,-1.0
2022-05-09 15:36:00,-1.0
2022-05-09 15:39:00,-1.0
2022-05-09 15:42:00,-1.0
2022-05-09 15:45:00,-1.0
2022-05-09 15:48:00,-1.0
2022-05-09 15:51:00,-1.0
2022-05-09 15:54:00,-1.0
2022-05-09 15:57:00,-1.0
2022-05-09 16:00:00,-1.0
2022-05-09 16:03:00,-1.0
2022-05-09 16:06:00,-1.0
2022-05-09 16:09:00,-1.0
2022-05-09 16:12:00,-1.0
2022-05-09 16:15:00,-1.0
2022-05-09 16:18:00,-1.0
2022-05-09 16:21:00,-1.0
2022-05-09 16:24:00,-1.0
2022-05-09 16:27:00,-1.0
2022-05-09 16:30:00,-1.0
2022-05-09 16:33:00,-1.0
2022-05-09 16:36:00,-1.0
2022-05-09 16:39:00,-1.0
2022-05-09 16:42:00,-1.0
2022-05-09 16:45:00,-1.0
2022-05-09 16:48:00,-1.0
2022-05-09 16:51:00,-1.0
2022-05-09 16:54:00,-1.0
2022-05-09 16:57:00,-1.0
2022-05-09 17:00:00,-1.0
2022-05-09 17:03:00,-1.0
2022-05-09 17:06:00,-1.0
2022-05-09 17:09:00,-1.0
2022-05-09 17:12:00,-1.0
2022-05-09 17:15:00,-1.0
2022-05-09 17:18:00,-1.0
2022-05-09 17:21:00,-1.0
2022-05-09 17:24:00,-1.0
2022-05-09 17:27:00,-1.0
2022-05-09 17:30:00,-1.0
2022-05-09 17:33:00,-1.0
2022-05-09 17:36:00,-1.0
2022-05-09 17:39:00,-1.0
2022-05-09 17:42:00,-1.0
2022-05-09 17:45:00,-1.0
2022-05-09 17:48:00,-1.0
2022-05-09 17:51:00,-1.0
2022-05-09 17:54:00,-1.0
2022-05-09 17:57:00,-1.0
2022-05-09 18:00:00,-1.0
2022-05-09 18:03:00,-1.0
2022-05-09 18:06:00,-1.0
2022-05-09 18:09:00,-1.0
2022-05-09 18:12:00,-1.0
2022-05-09 18:15:00,-1.0
2022-05-09 18:18:00,-1.0
2022-05-09 18:21:00,-1.0
2022-05-09 18:24:00,-1.0
2022-05-09 18:27:00,-1.0
2022-05-09 18:30:00,-1.0
2022-05-09 18:33:00,-1.0
2022-05-09 18:36:00,-1.0
2022-05-09 18:39:00,-1.0
2022-05-09 18:42:00,-1.0
2022-05-09 18:45:00,-1.0
2022-05-09 18:48:00,-1.0
2022-05-09 18:51:00,-1.0
2022-05-09 18:54:00,-1.0
2022-05-09 18:57:00,-1.0
2022-05-09 19:00:00,-1.0
2022-05-09 19:03:00,-1.0
2022-05-09 19:06:00,-1.0
2022-05-09 19:09:00,-1.0
2022-05-09 19:12:00,-1.0
2022-05-09 19:15:00,-1.0
2022-05-09 19:18:00,-1.0
2022-05-09 19:21:00,-1.0
2022-05-09 19:24:00,-1.0
2022-05-09 19:27:00,-1.0
2022-05-09 19:30:00,-1.0
2022-05-09 19:33:00,-1.0
2022-05-09 19:36:00,-1.0
2022-05-09 19:39:00,-1.0
2022-05-09 19:42:00,-1.0
2022-05-09 19:45:00,-1.0
2022-05-09 19:48:00,-1.0
2022-05-09 19:51:00,-1.0
2022-05-09 19:54:00,-1.0
2022-05-09 19:57:00,-1.0
2022-05-09 20:00:00,-1.0
2022-05-09 20:03:00,-1.0
2022-05-09 20:06:00,-1.0
2022-05-09 20:09:00,-1.0
2022-05-09 20:12:00,-1.0
2022-05-09 20:15:00,-1.0
2022-05-09 20:18:00,-1.0
2022-05-09 20:21:00,-1.0
2022-05-09 20:24:00,-1.0
2022-05-09 20:27:00,-1.0
2022-05-09 20:30:00,-1.0
2022-05-09 20:33:00,-1.0
2022-05-09 20:36:00,-1.0
2022-05-09 20:39:00,-1.0
2022-05-09 20:42:00,-1.0
2022-05-09 20:45:00,-1.0
2022-05-09 20:48:00,-1.0
2022-05-09 20:51:00,-1.0
2022-05-09 20:54:00,-1.0
2022-05-09 20:57:00,-1.0
2022-05-09 21:00:00,-1.0
2022-05-09 21:03:00,-1.0
2022-05-09 21:06:00,-1.0
2022-05-09 21:09:00,-1.0
2022-05-09 21:12:00,-1.0
2022-05-09 21:15:00,-1.0
2022-05-09 21:18:00,-1.0
2022-05-09 21:21:00,-1.0
2022-05-09 21:24:00,-1.0
2022-05-09 21:27:00,-1.0
2022-05-09 21:30:00,-1.0
2022-05-09 21:33:00,-1.0
2022-05-09 21:36:00,-1.0
2022-05-09 21:39:00,-1.0
2022-05-09 21:42:00,-1.0
2022-05-09 21:45:00,-1.0
2022-05-09 21:48:00,-1.0
2022-05-09 21:51:00,-1.0
2022-05-09 21:54:00,-1.0
2022-05-09 21:57:00,-1.0
2022-05-09 22:00:00,-1.0
2022-05-09 22:03:00,-1.0
2022-05-09 22:06:00,-1.0
2022-05-09 22:09:00,-1.0
2022-05-09 22:12:00,-1.0
2022-05-09 22:15:00,-1.0
2022-05-09 22:18:00,-1.0
2022-05-09 22:21:00,-1.0
2022-05-09 22:24:00,-1.0
2022-05-09 22:27:00,-1.0
2022-05-09 22:30:00,-1.0
2022-05-09 22:33:00,-1.0
2022-05-09 22:36:00,-1.0
2022-05-09 22:39:00,-1.0
2022-05-09 22:42:00,-1.0
2022-05-09 22:45:00,-1.0
2022-05-09 22:48:00,-1.0
2022-05-09 22:51:00,-1.0
2022-05-09 22:54:00,-1.0
2022-05-09 22:57:00,-1.0
2022-05-09 23:00:00,-1.0
2022-05-09 23:03:00,-1.0
2022-05-09 23:06:00,-1.0
2022-05-09 23:09:00,-1.0
2022-05-09 23:12:00,-1.0
2022-05-09 23:15:00,-1.0
2022-05-09 23:18:00,-1.0
2022-05-09 23:21:00,-1.0
2022-05-09 23:24:00,-1.0
2022-05-09 23:27:00,-1.0
2022-05-09 23:30:00,-1.0
2022-05-09 23:33:00,-1.0
2022-05-09 23:36:00,-1.0
2022-05-09 23:39:00,-1.0
2022-05-09 23:42:00,-1.0
2022-05-09 23:45:00,-1.0
2022-05-09 23:48:00,-1.0
2022-05-09 23:51:00,-1.0
2022-05-09 23:54:00,-1.0
2022-05-09 23:57:00,-1.0
2022-05-10 00:00:00,-1.0
2022-05-10 00:03:00,-1.0
2022-05-10 00:06:00,-1.0
2022-05-10 00:09:00,-1.0
2022-05-10 00:12:00,-1.0
2022-05-10 00:15:00,-1.0
2022-05-10 00:18:00,-1.0
2022-05-10 00:21:00,-1.0
2022-05-10 00:24:00,-1.0
2022-05-10 00:27:00,-1.0
2022-05-10 00:30:00,-1.0
2022-05-10 00:33:00,-1.0
2022-05-10 00:36:00,-1.0
2022-05-10 00:39:00,-1.0
2022-05-10 00:42:00,-1.0
2022-05-10 00:45:00,-1.0
2022-05-10 00:48:00,-1.0
2022-05-10 00:51:00,-1.0
2022-05-10 00:54:00,-1.0
2022-05-10 00:57:00,-1.0
2022-05-10 01:00:00,-1.0
2022-05-10 01:03:00,-1.0
2022-05-10 01:06:00,-1.0
2022-05-10 01:09:00,-1.0
2022-05-10 01:12:00,-1.0
2022-05-10 01:15:00,-1.0
2022-05-10 01:18:00,-1.0
2022-05-10 01:21:00,-1.0
2022-05-10 01:24:00,-1.0
2022-05-10 01:27:00,-1.0
2022-05-10 01:30:00,-1.0
2022-05-10 01:33:00,-1.0
2022-05-10 01:36:00,-1.0
2022-05-10 01:39:00,-1.0
2022-05-10 01:42:00,-1.0
2022-05-10 01:45:00,-1.0
2022-05-10 01:48:00,-1.0
2022-05-10 01:51:00,-1.0
2022-05-10 01:54:00,-1.0
2022-05-10 01:57:00,-1.0
2022-05-10 02:00:00,-1.0
2022-05-10 02:03:00,-1.0
2022-05-10 02:06:00,-1.0
2022-05-10 02:09:00,-1.0
2022-05-10 02:12:00,-1.0
2022-05-10 02:15:00,-1.0
2022-05-10 02:18:00,-1.0
2022-05-10 02:21:00,-1.0
2022-05-10 02:24:00,-1.0
2022-05-10 02:27:00,-1.0
2022-05-10 02:30:00,-1.0
2022-05-10 02:33:00,-1.0
2022-05-10 02:36:00,-1.0
2022-05-10 02:39:00,-1.0
2022-05-10 02:42:00,-1.0
2022-05-10 02:45:00,-1.0
2022-05-10 02:48:00,-1.0
2022-05-10 02:51:00,-1.0
2022-05-10 02:54:00,-1.0
2022-05-10 02:57:00,-1.0
2022-05-10 03:00:00,-1.0
2022-05-10 03:03:00,-1.0
2022-05-10 03:06:00,-1.0
2022-05-10 03:09:00,-1.0
2022-05-10 03:12:00,-1.0
2022-05-10 03:15:00,-1.0
2022-05-10 03:18:00,-1.0
2022-05-10 03:21:00,-1.0
2022-05-10 03:24:00,-1.0
2022-05-10 03:27:00,-1.0
2022-05-10 03:30:00,-1.0
2022-05-10 03:33:00,-1.0
2022-05-10 03:36:00,-1.0
2022-05-10 03:39:00,-1.0
2022-05-10 03:42:00,-1.0
2022-05-10 03:45:00,-1.0
2022-05-10 03:48:00,-1.0
2022-05-10 03:51:00,-1.0
2022-05-10 03:54:00,-1.0
2022-05-10 03:57:00,-1.0
2022-05-10 04:00:00,-1.0
2022-05-10 04:03:00,-1.0
2022-05-10 04:06:00,-1.0
2022-05-10 04:09:00,-1.0
2022-05-10 04:12:00,-1.0
2022-05-10 04:15:00,-1.0
2022-05-10 04:18:00,-1.0
2022-05-10 04:21:00,-1.0
2022-05-10 04:24:00,-1.0
2022-05-10 04:27:00,-1.0
2022-05-10 04:30:00,-1.0
2022-05-10 04:33:00,-1.0
2022-05-10 04:36:00,-1.0
2022-05-10 04:39:00,-1.0
2022-05-10 04:42:00,-1.0
2022-05-10 04:45:00,-1.0
2022-05-10 04:48:00,-1.0
2022-05-10 04:51:00,-1.0
2022-05-10 04:54:00,-1.0
2022-05-10 04:57:00,-1.0
2022-05-10 05:00:00,-1.0
2022-05-10 05:03:00,-1.0
2022-05-10 05:06:00,-1.0
2022-05-10 05:09:00,-1.0
2022-05-10 05:12:00,-1.0
2022-05-10 05:15:00,-1.0
2022-05-10 05:18:00,-1.0
2022-05-10 05:21:00,-1.0
2022-05-10 05:24:00,-1.0
2022-05-10 05:27:00,-1.0
2022-05-10 05:30:00,-1.0
2022-05-10 05:33:00,-1.0
2022-05-10 06:03:00,-1.0
2022-05-10 16:09:00,-1.0
2022-05-10 16:12:00,-1.0
2022-05-10 16:24:00,-1.0
2022-05-10 16:27:00,-1.0
2022-05-10 16:30:00,-1.0
2022-05-10 16:33:00,-1.0
2022-05-10 16:36:00,-1.0
2022-05-10 16:39:00,-1.0
2022-05-10 16:42:00,-1.0
2022-05-10 16:54:00,-1.0
2022-05-10 17:00:00,-1.0
2022-05-10 20:24:00,-1.0
2022-05-10 20:39:00,-1.0
2022-05-10 20:42:00,-1.0
2022-05-10 20:54:00,-1.0
2022-05-10 20:57:00,-1.0
2022-05-10 21:03:00,-1.0
2022-05-10 21:06:00,-1.0
2022-05-10 21:09:00,-1.0
2022-05-10 21:12:00,-1.0
2022-05-10 21:15:00,-1.0
2022-05-10 21:18:00,-1.0
2022-05-10 21:24:00,-1.0
2022-05-10 21:27:00,-1.0
2022-05-10 21:30:00,-1.0
2022-05-10 21:33:00,-1.0
2022-05-10 21:36:00,-1.0
2022-05-10 21:39:00,-1.0
2022-05-10 21:42:00,-1.0
2022-05-10 21:45:00,-1.0
2022-05-10 21:48:00,-1.0
2022-05-10 21:51:00,-1.0
2022-05-10 21:54:00,-1.0
2022-05-10 21:57:00,-1.0
2022-05-10 22:00:00,-1.0
2022-05-10 22:03:00,-1.0
2022-05-10 22:06:00,-1.0
2022-05-10 22:09:00,-1.0
2022-05-10 22:12:00,-1.0
2022-05-10 22:15:00,-1.0
2022-05-10 22:18:00,-1.0
2022-05-10 22:21:00,-1.0
2022-05-10 22:24:00,-1.0
2022-05-10 22:27:00,-1.0
2022-05-10 22:30:00,-1.0
2022-05-10 22:33:00,-1.0
2022-05-10 22:36:00,-1.0
2022-05-10 22:39:00,-1.0
2022-05-10 22:42:00,-1.0
2022-05-10 22:45:00,-1.0
2022-05-10 22:48:00,-1.0
2022-05-10 22:51:00,-1.0
2022-05-10 22:54:00,-1.0
2022-05-10 22:57:00,-1.0
2022-05-10 23:00:00,-1.0
2022-05-10 23:03:00,-1.0
2022-05-10 23:06:00,-1.0
2022-05-10 23:12:00,-1.0
2022-05-10 23:15:00,-1.0
2022-05-10 23:18:00,-1.0
2022-05-10 23:21:00,-1.0
2022-05-10 23:24:00,-1.0
2022-05-10 23:27:00,-1.0
2022-05-10 23:30:00,-1.0
2022-05-10 23:33:00,-1.0
2022-05-10 23:36:00,-1.0
2022-05-10 23:39:00,-1.0
2022-05-10 23:42:00,-1.0
2022-05-10 23:45:00,-1.0
2022-05-10 23:48:00,-1.0
2022-05-10 23:51:00,-1.0
2022-05-10 23:54:00,-1.0
2022-05-10 23:57:00,-1.0
2022-05-11 00:00:00,-1.0
2022-05-11 00:03:00,-1.0
2022-05-11 00:06:00,-1.0
2022-05-11 00:09:00,-1.0
2022-05-11 00:12:00,-1.0
2022-05-11 00:15:00,-1.0
2022-05-11 00:18:00,-1.0
2022-05-11 00:42:00,-1.0
2022-05-11 00:48:00,-1.0
2022-05-11 00:54:00,-1.0
2022-05-11 01:00:00,-1.0
2022-05-11 01:03:00,-1.0
2022-05-11 01:06:00,-1.0
2022-05-11 01:09:00,-1.0
2022-05-11 01:12:00,-1.0
2022-05-11 01:15:00,-1.0
2022-05-11 01:18:00,-1.0
2022-05-11 01:21:00,-1.0
2022-05-11 01:27:00,-1.0
2022-05-11 01:42:00,-1.0
2022-05-11 01:45:00,-1.0
2022-05-11 01:48:00,-1.0
2022-05-11 01:51:00,-1.0
2022-05-11 01:54:00,-1.0
2022-05-11 01:57:00,-1.0
2022-05-11 02:00:00,-1.0
2022-05-11 02:03:00,-1.0
2022-05-11 02:06:00,-1.0
2022-05-11 02:09:00,-1.0
2022-05-11 02:12:00,-1.0
2022-05-11 02:15:00,-1.0
2022-05-11 02:18:00,-1.0
2022-05-11 02:21:00,-1.0
2022-05-11 02:24:00,-1.0
2022-05-11 02:39:00,-1.0
2022-05-11 02:48:00,-1.0
2022-05-11 03:00:00,-1.0
2022-05-11 03:06:00,-1.0
2022-05-11 03:09:00,-1.0
2022-05-11 07:24:00,-1.0
2022-05-11 07:39:00,-1.0
2022-05-11 07:42:00,-1.0
2022-05-11 07:57:00,-1.0
2022-05-11 08:00:00,-1.0
2022-05-11 08:03:00,-1.0
2022-05-11 08:09:00,-1.0
2022-05-11 08:12:00,-1.0
2022-05-11 08:24:00,-1.0
2022-05-11 08:33:00,-1.0
2022-05-11 12:51:00,-1.0
2022-05-11 12:54:00,-1.0
2022-05-11 12:57:00,-1.0
2022-05-11 13:00:00,-1.0
2022-05-11 13:03:00,-1.0
2022-05-11 13:06:00,-1.0
2022-05-11 13:09:00,-1.0
2022-05-11 13:12:00,-1.0
2022-05-11 13:15:00,-1.0
2022-05-11 13:18:00,-1.0
2022-05-11 13:21:00,-1.0
2022-05-11 13:24:00,-1.0
2022-05-11 13:27:00,-1.0
2022-05-11 13:30:00,-1.0
2022-05-11 13:33:00,-1.0
2022-05-11 13:36:00,-1.0
2022-05-11 13:39:00,-1.0
2022-05-11 13:42:00,-1.0
2022-05-11 13:45:00,-1.0
2022-05-11 14:00:00,-1.0
2022-05-11 14:06:00,-1.0
2022-05-11 14:12:00,-1.0
2022-05-11 14:15:00,-1.0
2022-05-11 16:12:00,-1.0
2022-05-11 17:24:00,-1.0
2022-05-11 17:30:00,-1.0
2022-05-11 17:36:00,-1.0
2022-05-11 17:39:00,-1.0
2022-05-11 17:42:00,-1.0
2022-05-11 17:45:00,-1.0
2022-05-11 17:48:00,-1.0
2022-05-11 17:51:00,-1.0
2022-05-11 17:57:00,-1.0
2022-05-11 18:00:00,-1.0
2022-05-11 18:03:00,-1.0
2022-05-11 18:06:00,-1.0
2022-05-11 18:09:00,-1.0
2022-05-11 18:12:00,-1.0
2022-05-11 18:15:00,-1.0
2022-05-11 18:18:00,-1.0
2022-05-11 18:21:00,-1.0
2022-05-11 18:24:00,-1.0
2022-05-11 18:27:00,-1.0
2022-05-11 18:30:00,-1.0
2022-05-11 18:33:00,-1.0
2022-05-11 18:36:00,-1.0
2022-05-11 18:42:00,-1.0
2022-05-11 18:45:00,-1.0
2022-05-11 18:48:00,-1.0
2022-05-11 18:51:00,-1.0
2022-05-11 18:54:00,-1.0
2022-05-11 18:57:00,-1.0
2022-05-11 19:00:00,-1.0
2022-05-11 19:03:00,-1.0
2022-05-11 19:06:00,-1.0
2022-05-11 19:09:00,-1.0
2022-05-11 19:12:00,-1.0
2022-05-11 19:15:00,-1.0
2022-05-11 19:18:00,-1.0
2022-05-11 19:21:00,-1.0
2022-05-11 19:24:00,-1.0
2022-05-11 19:27:00,-1.0
2022-05-11 19:30:00,-1.0
2022-05-11 19:33:00,-1.0
2022-05-11 19:36:00,-1.0
2022-05-11 19:39:00,-1.0
2022-05-11 19:42:00,-1.0
2022-05-11 19:45:00,-1.0
2022-05-11 19:48:00,-1.0
2022-05-11 19:51:00,-1.0
2022-05-11 19:54:00,-1.0
2022-05-11 19:57:00,-1.0
2022-05-11 20:00:00,-1.0
2022-05-11 20:03:00,-1.0
2022-05-11 20:06:00,-1.0
2022-05-11 20:09:00,-1.0
2022-05-11 20:12:00,-1.0
2022-05-11 20:15:00,-1.0
2022-05-11 20:18:00,-1.0
2022-05-11 20:21:00,-1.0
2022-05-11 20:24:00,-1.0
2022-05-11 20:27:00,-1.0
2022-05-11 20:30:00,-1.0
2022-05-11 20:33:00,-1.0
2022-05-11 20:36:00,-1.0
2022-05-11 20:39:00,-1.0
2022-05-11 20:42:00,-1.0
2022-05-11 20:45:00,-1.0
2022-05-11 20:48:00,-1.0
2022-05-11 20:51:00,-1.0
2022-05-11 20:54:00,-1.0
2022-05-11 20:57:00,-1.0
2022-05-11 21:00:00,-1.0
2022-05-11 21:03:00,-1.0
2022-05-11 21:06:00,-1.0
2022-05-11 21:09:00,-1.0
2022-05-11 21:12:00,-1.0
2022-05-11 21:15:00,-1.0
2022-05-11 21:18:00,-1.0
2022-05-11 21:21:00,-1.0
2022-05-11 21:24:00,-1.0
2022-05-11 21:27:00,-1.0
2022-05-11 21:30:00,-1.0
2022-05-11 21:33:00,-1.0
2022-05-11 21:36:00,-1.0
2022-05-11 21:39:00,-1.0
2022-05-11 21:42:00,-1.0
2022-05-11 21:45:00,-1.0
2022-05-11 21:48:00,-1.0
2022-05-11 21:51:00,-1.0
2022-05-11 21:54:00,-1.0
2022-05-11 21:57:00,-1.0
2022-05-11 22:00:00,-1.0
2022-05-11 22:03:00,-1.0
2022-05-11 22:06:00,-1.0
2022-05-11 22:09:00,-1.0
2022-05-11 22:12:00,-1.0
2022-05-11 22:15:00,-1.0
2022-05-11 22:18:00,-1.0
2022-05-11 22:21:00,-1.0
2022-05-11 22:24:00,-1.0
2022-05-11 22:27:00,-1.0
2022-05-11 22:30:00,-1.0
2022-05-11 22:33:00,-1.0
2022-05-11 22:36:00,-1.0
2022-05-11 22:39:00,-1.0
2022-05-11 22:42:00,-1.0
2022-05-11 22:45:00,-1.0
2022-05-11 22:48:00,-1.0
2022-05-11 22:51:00,-1.0
2022-05-11 22:54:00,-1.0
2022-05-11 22:57:00,-1.0
2022-05-11 23:00:00,-1.0
2022-05-11 23:03:00,-1.0
2022-05-11 23:06:00,-1.0
2022-05-11 23:09:00,-1.0
2022-05-11 23:12:00,-1.0
2022-05-11 23:15:00,-1.0
2022-05-11 23:18:00,-1.0
2022-05-11 23:21:00,-1.0
2022-05-11 23:24:00,-1.0
2022-05-11 23:27:00,-1.0
2022-05-11 23:30:00,-1.0
2022-05-11 23:33:00,-1.0
2022-05-11 23:36:00,-1.0
2022-05-11 23:39:00,-1.0
2022-05-11 23:42:00,-1.0
2022-05-11 23:45:00,-1.0
2022-05-11 23:48:00,-1.0
2022-05-11 23:51:00,-1.0
2022-05-11 23:54:00,-1.0
2022-05-11 23:57:00,-1.0
2022-05-12 00:00:00,-1.0
2022-05-12 00:03:00,-1.0
2022-05-12 00:06:00,-1.0
2022-05-12 00:09:00,-1.0
2022-05-12 00:12:00,-1.0
2022-05-12 00:15:00,-1.0
2022-05-12 00:18:00,-1.0
2022-05-12 00:21:00,-1.0
2022-05-12 00:24:00,-1.0
2022-05-12 00:27:00,-1.0
2022-05-12 00:30:00,-1.0
2022-05-12 00:33:00,-1.0
2022-05-12 00:36:00,-1.0
2022-05-12 00:39:00,-1.0
2022-05-12 00:42:00,-1.0
2022-05-12 00:45:00,-1.0
2022-05-12 00:48:00,-1.0
2022-05-12 00:51:00,-1.0
2022-05-12 00:54:00,-1.0
2022-05-12 00:57:00,-1.0
2022-05-12 01:00:00,-1.0
2022-05-12 01:03:00,-1.0
2022-05-12 01:06:00,-1.0
2022-05-12 01:09:00,-1.0
2022-05-12 01:12:00,-1.0
2022-05-12 01:15:00,-1.0
2022-05-12 01:18:00,-1.0
2022-05-12 01:21:00,-1.0
2022-05-12 01:24:00,-1.0
2022-05-12 01:27:00,-1.0
2022-05-12 01:30:00,-1.0
2022-05-12 01:33:00,-1.0
2022-05-12 01:36:00,-1.0
2022-05-12 01:39:00,-1.0
2022-05-12 01:42:00,-1.0
2022-05-12 01:45:00,-1.0
2022-05-12 01:48:00,-1.0
2022-05-12 01:51:00,-1.0
2022-05-12 01:54:00,-1.0
2022-05-12 01:57:00,-1.0
2022-05-12 02:00:00,-1.0
2022-05-12 02:03:00,-1.0
2022-05-12 02:06:00,-1.0
2022-05-12 02:09:00,-1.0
2022-05-12 02:12:00,-1.0
2022-05-12 02:15:00,-1.0
2022-05-12 02:18:00,-1.0
2022-05-12 02:21:00,-1.0
2022-05-12 02:24:00,-1.0
2022-05-12 02:27:00,-1.0
2022-05-12 02:30:00,-1.0
2022-05-12 02:33:00,-1.0
2022-05-12 02:36:00,-1.0
2022-05-12 02:39:00,-1.0
2022-05-12 02:42:00,-1.0
2022-05-12 02:45:00,-1.0
2022-05-12 02:48:00,-1.0
2022-05-12 02:51:00,-1.0
2022-05-12 02:54:00,-1.0
2022-05-12 02:57:00,-1.0
2022-05-12 03:00:00,-1.0
2022-05-12 03:03:00,-1.0
2022-05-12 03:06:00,-1.0
2022-05-12 03:09:00,-1.0
2022-05-12 03:12:00,-1.0
2022-05-12 03:15:00,-1.0
2022-05-12 03:18:00,-1.0
2022-05-12 03:21:00,-1.0
2022-05-12 03:24:00,-1.0
2022-05-12 03:27:00,-1.0
2022-05-12 03:30:00,-1.0
2022-05-12 03:33:00,-1.0
2022-05-12 03:36:00,-1.0
2022-05-12 03:39:00,-1.0
2022-05-12 03:42:00,-1.0
2022-05-12 03:45:00,-1.0
2022-05-12 03:48:00,-1.0
2022-05-12 03:51:00,-1.0
2022-05-12 03:54:00,-1.0
2022-05-12 03:57:00,-1.0
2022-05-12 04:00:00,-1.0
2022-05-12 04:03:00,-1.0
2022-05-12 04:06:00,-1.0
2022-05-12 04:09:00,-1.0
2022-05-12 04:12:00,-1.0
2022-05-12 04:15:00,-1.0
2022-05-12 04:18:00,-1.0
2022-05-12 04:21:00,-1.0
2022-05-12 04:24:00,-1.0
2022-05-12 04:27:00,-1.0
2022-05-12 04:30:00,-1.0
2022-05-12 04:33:00,-1.0
2022-05-12 04:36:00,-1.0
2022-05-12 04:39:00,-1.0
2022-05-12 04:42:00,-1.0
2022-05-12 04:45:00,-1.0
2022-05-12 04:48:00,-1.0
2022-05-12 04:51:00,-1.0
2022-05-12 04:54:00,-1.0
2022-05-12 04:57:00,-1.0
2022-05-12 05:00:00,-1.0
2022-05-12 05:03:00,-1.0
2022-05-12 05:06:00,-1.0
2022-05-12 05:09:00,-1.0
2022-05-12 05:12:00,-1.0
2022-05-12 05:15:00,-1.0
2022-05-12 05:18:00,-1.0
2022-05-12 05:21:00,-1.0
2022-05-12 05:24:00,-1.0
2022-05-12 05:27:00,-1.0
2022-05-12 05:30:00,-1.0
2022-05-12 05:33:00,-1.0
2022-05-12 05:36:00,-1.0
2022-05-12 05:39:00,-1.0
2022-05-12 05:42:00,-1.0
2022-05-12 05:45:00,-1.0
2022-05-12 05:48:00,-1.0
2022-05-12 05:51:00,-1.0
2022-05-12 05:54:00,-1.0
2022-05-12 05:57:00,-1.0
2022-05-12 06:00:00,-1.0
2022-05-12 06:03:00,-1.0
2022-05-12 06:06:00,-1.0
2022-05-12 06:09:00,-1.0
2022-05-12 06:12:00,-1.0
2022-05-12 06:15:00,-1.0
2022-05-12 06:18:00,-1.0
2022-05-12 06:21:00,-1.0
2022-05-12 06:24:00,-1.0
2022-05-12 06:27:00,-1.0
2022-05-12 06:30:00,-1.0
2022-05-12 06:33:00,-1.0
2022-05-12 06:36:00,-1.0
2022-05-12 06:39:00,-1.0
2022-05-12 06:42:00,-1.0
2022-05-12 06:45:00,-1.0
2022-05-12 06:48:00,-1.0
2022-05-12 06:51:00,-1.0
2022-05-12 06:54:00,-1.0
2022-05-12 06:57:00,-1.0
2022-05-12 07:00:00,-1.0
2022-05-12 07:03:00,-1.0
2022-05-12 07:06:00,-1.0
2022-05-12 07:09:00,-1.0
2022-05-12 07:12:00,-1.0
2022-05-12 07:15:00,-1.0
2022-05-12 07:18:00,-1.0
2022-05-12 07:21:00,-1.0
2022-05-12 07:24:00,-1.0
2022-05-12 07:27:00,-1.0
2022-05-12 07:30:00,-1.0
2022-05-12 07:33:00,-1.0
2022-05-12 07:36:00,-1.0
2022-05-12 07:39:00,-1.0
2022-05-12 07:42:00,-1.0
2022-05-12 07:45:00,-1.0
2022-05-12 07:48:00,-1.0
2022-05-12 07:51:00,-1.0
2022-05-12 07:54:00,-1.0
2022-05-12 07:57:00,-1.0
2022-05-12 08:00:00,-1.0
2022-05-12 08:03:00,-1.0
2022-05-12 08:06:00,-1.0
2022-05-12 08:09:00,-1.0
2022-05-12 08:12:00,-1.0
2022-05-12 08:15:00,-1.0
2022-05-12 08:18:00,-1.0
2022-05-12 08:21:00,-1.0
2022-05-12 08:24:00,-1.0
2022-05-12 08:27:00,-1.0
2022-05-12 08:30:00,-1.0
2022-05-12 08:33:00,-1.0
2022-05-12 08:36:00,-1.0
2022-05-12 08:39:00,-1.0
2022-05-12 08:42:00,-1.0
2022-05-12 08:45:00,-1.0
2022-05-12 08:48:00,-1.0
2022-05-12 08:51:00,-1.0
2022-05-12 08:54:00,-1.0
2022-05-12 08:57:00,-1.0
2022-05-12 09:00:00,-1.0
2022-05-12 09:03:00,-1.0
2022-05-12 09:06:00,-1.0
2022-05-12 09:09:00,-1.0
2022-05-12 09:12:00,-1.0
2022-05-12 09:15:00,-1.0
2022-05-12 09:18:00,-1.0
2022-05-12 09:21:00,-1.0
2022-05-12 09:24:00,-1.0
2022-05-12 09:27:00,-1.0
2022-05-12 09:30:00,-1.0
2022-05-12 09:33:00,-1.0
2022-05-12 09:36:00,-1.0
2022-05-12 09:39:00,-1.0
2022-05-12 09:42:00,-1.0
2022-05-12 09:45:00,-1.0
2022-05-12 09:48:00,-1.0
2022-05-12 09:51:00,-1.0
2022-05-12 09:54:00,-1.0
2022-05-12 09:57:00,-1.0
2022-05-12 10:00:00,-1.0
2022-05-12 10:03:00,-1.0
2022-05-12 10:06:00,-1.0
2022-05-12 10:09:00,-1.0
2022-05-12 10:12:00,-1.0
2022-05-12 10:15:00,-1.0
2022-05-12 10:18:00,-1.0
2022-05-12 10:21:00,-1.0
2022-05-12 10:24:00,-1.0
2022-05-12 10:27:00,-1.0
2022-05-12 10:30:00,-1.0
2022-05-12 10:33:00,-1.0
2022-05-12 10:36:00,-1.0
2022-05-12 10:39:00,-1.0
2022-05-12 10:42:00,-1.0
2022-05-12 10:45:00,-1.0
2022-05-12 10:48:00,-1.0
2022-05-12 10:51:00,-1.0
2022-05-12 10:57:00,-1.0
2022-05-12 11:00:00,-1.0
2022-05-12 11:03:00,-1.0
2022-05-12 11:06:00,-1.0
2022-05-12 11:09:00,-1.0
2022-05-12 11:12:00,-1.0
2022-05-12 11:15:00,-1.0
2022-05-12 11:18:00,-1.0
2022-05-12 11:21:00,-1.0
2022-05-12 11:24:00,-1.0
2022-05-12 11:27:00,-1.0
2022-05-12 11:30:00,-1.0
2022-05-12 11:33:00,-1.0
2022-05-12 11:36:00,-1.0
2022-05-12 11:39:00,-1.0
2022-05-12 11:42:00,-1.0
2022-05-12 11:45:00,-1.0
2022-05-12 11:48:00,-1.0
2022-05-12 11:51:00,-1.0
2022-05-12 11:54:00,-1.0
2022-05-12 11:57:00,-1.0
2022-05-12 12:03:00,-1.0
2022-05-12 12:06:00,-1.0
2022-05-12 12:09:00,-1.0
2022-05-12 12:15:00,-1.0
2022-05-12 12:18:00,-1.0
2022-05-12 12:21:00,-1.0
2022-05-12 12:27:00,-1.0
2022-05-12 12:30:00,-1.0
2022-05-12 12:33:00,-1.0
2022-05-12 12:36:00,-1.0
2022-05-12 12:39:00,-1.0
2022-05-12 12:42:00,-1.0
2022-05-12 12:45:00,-1.0
2022-05-12 12:48:00,-1.0
2022-05-12 12:51:00,-1.0
2022-05-12 12:54:00,-1.0
2022-05-12 12:57:00,-1.0
2022-05-12 13:03:00,-1.0
2022-05-12 13:06:00,-1.0
2022-05-12 13:09:00,-1.0
2022-05-12 13:12:00,-1.0
2022-05-12 13:21:00,-1.0
2022-05-12 13:24:00,-1.0
2022-05-12 13:27:00,-1.0
2022-05-12 13:30:00,-1.0
2022-05-12 13:36:00,-1.0
2022-05-12 13:39:00,-1.0
2022-05-12 13:42:00,-1.0
2022-05-12 13:48:00,-1.0
2022-05-12 13:51:00,-1.0
2022-05-12 14:03:00,-1.0
2022-05-12 14:06:00,-1.0
2022-05-12 14:09:00,-1.0
2022-05-12 14:12:00,-1.0
2022-05-12 14:15:00,-1.0
2022-05-12 14:39:00,-1.0
2022-05-12 14:57:00,-1.0
2022-05-12 19:09:00,-1.0
2022-05-12 20:03:00,-1.0
2022-05-13 09:18:00,1.0
2022-05-14 11:15:00,-1.0
2022-05-14 11:18:00,-1.0
2022-05-14 11:21:00,-1.0
2022-05-14 11:24:00,-1.0
2022-05-14 11:27:00,-1.0
2022-05-14 11:30:00,-1.0
2022-05-14 11:33:00,-1.0
2022-05-14 11:36:00,-1.0
2022-05-14 11:39:00,-1.0
2022-05-14 11:42:00,-1.0
2022-05-14 11:45:00,-1.0
2022-05-14 11:48:00,-1.0
2022-05-14 11:51:00,-1.0
2022-05-14 11:54:00,-1.0
2022-05-14 11:57:00,-1.0
2022-05-14 12:00:00,-1.0
2022-05-14 12:03:00,-1.0
2022-05-14 12:06:00,-1.0
2022-05-14 12:09:00,-1.0
2022-05-14 12:12:00,-1.0
2022-05-14 12:15:00,-1.0
2022-05-14 12:18:00,-1.0
2022-05-14 12:21:00,-1.0
2022-05-14 12:24:00,-1.0
2022-05-14 12:27:00,-1.0
2022-05-14 12:30:00,-1.0
2022-05-14 12:33:00,-1.0
2022-05-14 12:36:00,-1.0
2022-05-14 12:39:00,-1.0
2022-05-14 12:42:00,-1.0
2022-05-14 12:45:00,-1.0
2022-05-14 12:48:00,-1.0
2022-05-14 12:51:00,-1.0
2022-05-14 12:54:00,-1.0
2022-05-14 12:57:00,-1.0
2022-05-14 13:00:00,-1.0
2022-05-14 13:03:00,-1.0
2022-05-14 13:06:00,-1.0
2022-05-14 13:09:00,-1.0
2022-05-14 13:12:00,-1.0
2022-05-14 13:15:00,-1.0
2022-05-14 13:18:00,-1.0
2022-05-14 13:21:00,-1.0
2022-05-14 13:24:00,-1.0
2022-05-14 13:27:00,-1.0
2022-05-14 13:30:00,-1.0
2022-05-14 13:33:00,-1.0
2022-05-14 13:36:00,-1.0
2022-05-14 13:39:00,-1.0
2022-05-14 13:42:00,-1.0
2022-05-14 13:45:00,-1.0
2022-05-14 13:48:00,-1.0
2022-05-14 13:51:00,-1.0
2022-05-14 13:54:00,-1.0
2022-05-14 13:57:00,-1.0
2022-05-14 14:00:00,-1.0
2022-05-14 14:03:00,-1.0
2022-05-14 14:06:00,-1.0
2022-05-14 14:09:00,-1.0
2022-05-14 14:12:00,-1.0
2022-05-14 14:15:00,-1.0
2022-05-14 14:18:00,-1.0
2022-05-14 14:21:00,-1.0
2022-05-14 14:24:00,-1.0
2022-05-14 14:27:00,-1.0
2022-05-14 14:30:00,-1.0
2022-05-14 14:33:00,-1.0
2022-05-14 14:36:00,-1.0
2022-05-14 14:39:00,-1.0
2022-05-14 14:42:00,-1.0
2022-05-14 14:45:00,-1.0
2022-05-14 14:48:00,-1.0
2022-05-14 14:51:00,-1.0
2022-05-14 14:54:00,-1.0
2022-05-14 14:57:00,-1.0
2022-05-14 15:00:00,-1.0
2022-05-14 15:03:00,-1.0
2022-05-14 15:06:00,-1.0
2022-05-14 15:09:00,-1.0
2022-05-14 15:12:00,-1.0
2022-05-14 15:15:00,-1.0
2022-05-14 15:18:00,-1.0
2022-05-14 15:21:00,-1.0
2022-05-14 15:24:00,-1.0
2022-05-14 15:27:00,-1.0
2022-05-14 15:30:00,-1.0
2022-05-14 15:33:00,-1.0
2022-05-14 15:36:00,-1.0
2022-05-14 15:39:00,-1.0
2022-05-14 15:42:00,-1.0
2022-05-14 15:45:00,-1.0
2022-05-14 15:48:00,-1.0
2022-05-14 15:51:00,-1.0
2022-05-14 15:54:00,-1.0
2022-05-14 15:57:00,-1.0
2022-05-14 16:00:00,-1.0
2022-05-14 16:03:00,-1.0
2022-05-14 16:06:00,-1.0
2022-05-14 16:09:00,-1.0
2022-05-14 16:12:00,-1.0
2022-05-14 16:15:00,-1.0
2022-05-14 16:18:00,-1.0
2022-05-14 16:21:00,-1.0
2022-05-14 16:24:00,-1.0
2022-05-14 16:27:00,-1.0
2022-05-14 16:30:00,-1.0
2022-05-14 16:33:00,-1.0
2022-05-14 16:36:00,-1.0
2022-05-14 16:39:00,-1.0
2022-05-14 16:42:00,-1.0
2022-05-14 16:45:00,-1.0
2022-05-14 16:48:00,-1.0
2022-05-14 17:00:00,-1.0
2022-05-14 17:03:00,-1.0
2022-05-14 17:06:00,-1.0
2022-05-14 17:09:00,-1.0
2022-05-14 17:12:00,-1.0
2022-05-14 17:15:00,-1.0
2022-05-15 12:57:00,1.0
2022-05-15 18:45:00,1.0
2022-05-15 18:48:00,1.0
2022-05-15 19:03:00,1.0
2022-05-15 19:06:00,1.0
2022-05-15 19:48:00,1.0
2022-05-15 20:03:00,1.0
2022-05-15 20:15:00,1.0
2022-05-15 20:21:00,1.0
2022-05-15 20:24:00,1.0
2022-05-15 20:36:00,1.0
2022-05-15 20:39:00,1.0
2022-05-15 20:42:00,1.0
2022-05-15 20:45:00,1.0
2022-05-15 20:48:00,1.0
2022-05-15 20:51:00,1.0
2022-05-15 20:54:00,1.0
2022-05-15 20:57:00,1.0
2022-05-15 21:03:00,1.0
2022-05-15 21:06:00,1.0
2022-05-15 21:15:00,1.0
2022-05-15 21:24:00,1.0
2022-05-15 21:27:00,1.0
2022-05-15 21:30:00,1.0
2022-05-15 21:33:00,1.0
2022-05-15 21:36:00,1.0
2022-05-15 21:42:00,1.0
2022-05-15 21:45:00,1.0
2022-05-15 21:48:00,1.0
2022-05-15 21:51:00,1.0
2022-05-15 21:54:00,1.0
2022-05-15 21:57:00,1.0
2022-05-15 22:00:00,1.0
2022-05-15 22:03:00,1.0
2022-05-15 22:06:00,1.0
2022-05-15 22:09:00,1.0
2022-05-15 22:15:00,1.0
2022-05-15 22:18:00,1.0
2022-05-15 22:21:00,1.0
2022-05-15 22:24:00,1.0
2022-05-15 22:27:00,1.0
2022-05-15 22:30:00,1.0
2022-05-15 22:33:00,1.0
2022-05-15 22:39:00,1.0
2022-05-15 22:42:00,1.0
2022-05-15 22:45:00,1.0
2022-05-15 22:48:00,1.0
2022-05-15 22:51:00,1.0
2022-05-15 22:54:00,1.0
2022-05-15 22:57:00,1.0
2022-05-15 23:03:00,1.0
2022-05-15 23:06:00,1.0
2022-05-15 23:09:00,1.0
2022-05-15 23:12:00,1.0
2022-05-15 23:15:00,1.0
2022-05-15 23:18:00,1.0
2022-05-15 23:21:00,1.0
2022-05-15 23:24:00,1.0
2022-05-15 23:27:00,1.0
2022-05-15 23:30:00,1.0
2022-05-15 23:33:00,1.0
2022-05-15 23:36:00,1.0
2022-05-15 23:39:00,1.0
