datetime,open,chain_detected
2025-10-21 00:00:00,401.28,0.0
2025-10-21 08:00:00,398.0,0.0
2025-10-21 08:00:30,396.15,0.0
2025-10-21 08:01:00,395.77,0.0
2025-10-21 08:01:30,395.57,0.0
2025-10-21 08:02:00,395.09,0.0
2025-10-21 08:02:30,395.09,-1.0
2025-10-21 08:03:00,394.82,0.0
2025-10-21 08:03:30,394.64,-1.0
2025-10-21 08:04:00,393.88,-1.0
2025-10-21 08:04:30,393.73,-1.0
2025-10-21 08:05:00,393.97,-1.0
2025-10-21 08:05:30,393.61,-1.0
2025-10-21 08:06:00,393.22,-1.0
2025-10-21 08:07:00,393.42,-1.0
2025-10-21 08:07:30,393.5,-1.0
2025-10-21 08:08:00,393.51,-1.0
2025-10-21 08:08:30,393.42,-1.0
2025-10-21 08:09:00,393.4,-1.0
2025-10-21 08:09:30,393.25,-1.0
2025-10-21 08:10:00,393.83,-1.0
2025-10-21 08:10:30,393.96,-1.0
2025-10-21 08:11:00,393.68,-1.0
2025-10-21 08:11:30,393.69,-1.0
2025-10-21 08:12:00,393.98,-1.0
2025-10-21 08:12:30,393.57,-1.0
2025-10-21 08:13:00,393.3,-1.0
2025-10-21 08:13:30,392.37,-1.0
2025-10-21 08:14:00,392.0,-1.0
2025-10-21 08:14:30,391.62,-1.0
2025-10-21 08:15:00,391.24,-1.0
2025-10-21 08:15:30,391.0,-1.0
2025-10-21 08:16:00,391.98,-1.0
2025-10-21 08:16:30,391.88,-1.0
2025-10-21 08:17:00,391.84,-1.0
2025-10-21 08:17:30,391.65,-1.0
2025-10-21 08:18:00,391.43,-1.0
2025-10-21 08:18:30,391.99,-1.0
2025-10-21 08:19:30,392.42,-1.0
2025-10-21 08:20:00,392.45,-1.0
2025-10-21 08:20:30,392.4,-1.0
2025-10-21 08:21:00,392.12,-1.0
2025-10-21 08:21:30,392.38,-1.0
2025-10-21 08:22:00,392.44,-1.0
2025-10-21 08:22:30,392.4,-1.0
2025-10-21 08:23:00,392.34,-1.0
2025-10-21 08:23:30,391.8,-1.0
2025-10-21 08:24:00,391.69,-1.0
2025-10-21 08:24:30,391.86,-1.0
2025-10-21 08:25:00,392.44,-1.0
2025-10-21 08:26:00,392.28,-1.0
2025-10-21 08:26:30,392.2,-1.0
2025-10-21 08:27:00,392.28,-1.0
2025-10-21 08:27:30,392.2,-1.0
2025-10-21 08:28:00,392.0,-1.0
2025-10-21 08:28:30,392.0,-1.0
2025-10-21 08:29:00,392.67,-1.0
2025-10-21 08:29:30,392.61,-1.0
2025-10-21 08:30:00,392.91,-1.0
2025-10-21 08:30:30,392.5,-1.0
2025-10-21 08:32:00,392.55,-1.0
2025-10-21 08:34:00,392.57,-1.0
2025-10-21 08:34:30,392.35,-1.0
2025-10-21 08:35:00,392.69,-1.0
2025-10-21 08:35:30,392.55,-1.0
2025-10-21 08:36:30,392.66,-1.0
2025-10-21 08:37:00,392.67,-1.0
2025-10-21 08:39:00,392.69,-1.0
2025-10-21 08:40:00,392.83,-1.0
2025-10-21 08:40:30,393.0,-1.0
2025-10-21 08:41:00,393.11,-1.0
2025-10-21 08:41:30,393.15,-1.0
2025-10-21 08:42:00,393.04,-1.0
2025-10-21 08:42:30,392.69,-1.0
2025-10-21 08:43:00,392.48,-1.0
2025-10-21 08:43:30,392.55,-1.0
2025-10-21 08:44:30,392.97,-1.0
2025-10-21 08:45:30,393.07,-1.0
2025-10-21 08:46:00,393.24,-1.0
2025-10-21 08:46:30,393.21,-1.0
2025-10-21 08:47:00,393.0,-1.0
2025-10-21 08:48:00,392.96,-1.0
2025-10-21 08:48:30,393.0,-1.0
2025-10-21 08:49:30,392.86,-1.0
2025-10-21 08:50:00,392.81,-1.0
2025-10-21 08:50:30,393.12,-1.0
2025-10-21 08:51:00,392.9,-1.0
2025-10-21 08:51:30,393.0,-1.0
2025-10-21 08:52:00,393.01,-1.0
2025-10-21 08:53:30,393.05,-1.0
2025-10-21 08:54:00,392.96,-1.0
2025-10-21 08:54:30,393.06,-1.0
2025-10-21 08:55:00,393.0,-1.0
2025-10-21 08:57:00,393.0,-1.0
2025-10-21 08:58:00,393.01,-1.0
2025-10-21 08:59:30,393.2,-1.0
2025-10-21 09:00:30,393.3,-1.0
2025-10-21 09:01:00,393.4,-1.0
2025-10-21 09:01:30,393.49,-1.0
2025-10-21 09:02:00,393.6,-1.0
2025-10-21 09:02:30,393.65,-1.0
2025-10-21 09:03:00,393.4,-1.0
2025-10-21 09:04:00,393.02,-1.0
2025-10-21 09:04:30,393.06,-1.0
2025-10-21 09:05:00,392.84,-1.0
2025-10-21 09:05:30,392.7,-1.0
2025-10-21 09:06:00,392.45,-1.0
2025-10-21 09:06:30,392.3,-1.0
2025-10-21 09:07:00,392.73,-1.0
2025-10-21 09:10:00,392.56,-1.0
2025-10-21 09:11:00,392.44,-1.0
2025-10-21 09:11:30,392.01,-1.0
2025-10-21 09:12:00,391.9,-1.0
2025-10-21 09:12:30,391.92,-1.0
2025-10-21 09:13:00,391.65,-1.0
2025-10-21 09:13:30,391.9,-1.0
2025-10-21 09:14:30,392.14,-1.0
2025-10-21 09:15:00,392.01,-1.0
2025-10-21 09:16:00,392.18,-1.0
2025-10-21 09:17:30,392.48,-1.0
2025-10-21 09:18:00,392.52,-1.0
2025-10-21 09:18:30,392.5,-1.0
2025-10-21 09:19:30,392.37,-1.0
2025-10-21 09:21:00,392.7,-1.0
2025-10-21 09:21:30,392.5,-1.0
2025-10-21 09:22:00,392.42,-1.0
2025-10-21 09:22:30,392.56,-1.0
2025-10-21 09:23:00,392.02,-1.0
2025-10-21 09:23:30,392.46,-1.0
2025-10-21 09:24:00,392.42,-1.0
2025-10-21 09:24:30,392.41,-1.0
2025-10-21 09:25:00,392.57,-1.0
2025-10-21 09:25:30,392.7,-1.0
2025-10-21 09:26:00,392.59,-1.0
2025-10-21 09:26:30,392.68,-1.0
2025-10-21 09:27:00,392.9,-1.0
2025-10-21 09:28:00,393.0,-1.0
2025-10-21 09:29:30,392.95,-1.0
2025-10-21 09:30:00,393.1,-1.0
2025-10-21 09:30:30,392.97,-1.0
2025-10-21 09:31:00,393.08,-1.0
2025-10-21 09:32:30,393.38,-1.0
2025-10-21 09:33:00,393.45,-1.0
2025-10-21 09:37:30,393.08,-1.0
2025-10-21 09:38:30,392.8,-1.0
2025-10-21 09:39:30,392.88,-1.0
2025-10-21 09:40:00,392.61,-1.0
2025-10-21 09:40:30,392.65,-1.0
2025-10-21 09:41:00,392.76,-1.0
2025-10-21 09:45:00,392.84,-1.0
2025-10-21 09:48:00,393.0,-1.0
2025-10-21 09:51:00,392.88,-1.0
2025-10-21 09:53:30,392.65,-1.0
2025-10-21 09:54:00,392.5,-1.0
2025-10-21 09:54:30,392.6,-1.0
2025-10-21 09:55:00,392.6,-1.0
2025-10-21 09:56:00,392.72,-1.0
2025-10-21 09:57:00,392.64,-1.0
2025-10-21 09:58:00,392.42,-1.0
2025-10-21 10:01:00,392.4,-1.0
2025-10-21 10:01:30,392.38,-1.0
2025-10-21 10:02:00,392.48,-1.0
2025-10-21 10:02:30,392.37,-1.0
2025-10-21 10:03:00,392.51,-1.0
2025-10-21 10:03:30,392.48,-1.0
2025-10-21 10:05:30,392.2,-1.0
2025-10-21 10:06:00,392.33,-1.0
2025-10-21 10:06:30,392.46,-1.0
2025-10-21 10:08:00,392.3,-1.0
2025-10-21 10:09:00,392.02,-1.0
2025-10-21 10:11:00,392.15,-1.0
2025-10-21 10:11:30,392.0,-1.0
2025-10-21 10:12:30,391.78,-1.0
2025-10-21 10:13:00,391.55,-1.0
2025-10-21 10:14:00,391.68,-1.0
2025-10-21 10:15:30,391.78,-1.0
2025-10-21 10:16:00,391.43,-1.0
2025-10-21 10:16:30,391.28,-1.0
2025-10-21 10:17:30,391.45,-1.0
2025-10-21 10:18:00,391.59,-1.0
2025-10-21 10:20:00,391.23,-1.0
2025-10-21 10:20:30,391.2,-1.0
2025-10-21 10:21:00,391.49,-1.0
2025-10-21 10:21:30,391.5,-1.0
2025-10-21 10:22:00,391.68,-1.0
2025-10-21 10:22:30,391.55,-1.0
2025-10-21 10:23:30,391.94,-1.0
2025-10-21 10:24:00,392.03,-1.0
2025-10-21 10:24:30,392.14,-1.0
2025-10-21 10:25:00,392.12,-1.0
2025-10-21 10:25:30,392.0,-1.0
2025-10-21 10:26:00,392.24,-1.0
2025-10-21 10:26:30,392.38,-1.0
2025-10-21 10:27:30,392.51,-1.0
2025-10-21 10:28:30,392.55,-1.0
2025-10-21 10:29:30,392.4,-1.0
2025-10-21 10:30:00,392.43,-1.0
2025-10-21 10:30:30,392.36,-1.0
2025-10-21 10:32:00,392.25,-1.0
2025-10-21 10:33:00,392.0,-1.0
2025-10-21 10:33:30,392.01,-1.0
2025-10-21 10:34:00,391.99,-1.0
2025-10-21 10:35:00,391.62,-1.0
2025-10-21 10:35:30,391.8,-1.0
2025-10-21 10:36:00,391.88,-1.0
2025-10-21 10:36:30,391.76,-1.0
2025-10-21 10:38:30,391.88,-1.0
2025-10-21 10:40:00,392.3,-1.0
2025-10-21 10:41:00,392.29,-1.0
2025-10-21 10:43:30,392.01,-1.0
2025-10-21 10:45:30,391.97,-1.0
2025-10-21 10:46:00,391.96,-1.0
2025-10-21 10:46:30,392.0,-1.0
2025-10-21 10:47:00,391.75,-1.0
2025-10-21 10:48:00,391.99,-1.0
2025-10-21 10:48:30,392.09,-1.0
2025-10-21 10:49:30,391.96,-1.0
2025-10-21 10:50:00,391.9,-1.0
2025-10-21 10:50:30,392.04,-1.0
2025-10-21 10:51:00,392.05,-1.0
2025-10-21 10:51:30,391.9,-1.0
2025-10-21 10:52:00,391.94,-1.0
2025-10-21 10:52:30,391.88,-1.0
2025-10-21 10:55:00,391.75,-1.0
2025-10-21 10:55:30,391.65,-1.0
2025-10-21 10:56:00,391.66,-1.0
2025-10-21 10:56:30,391.74,-1.0
2025-10-21 10:58:00,391.72,-1.0
2025-10-21 10:58:30,391.99,-1.0
2025-10-21 10:59:30,391.66,-1.0
2025-10-21 11:00:00,391.51,-1.0
2025-10-21 11:00:30,391.5,-1.0
2025-10-21 11:01:00,391.46,-1.0
2025-10-21 11:01:30,391.66,-1.0
2025-10-21 11:02:00,391.58,-1.0
2025-10-21 11:02:30,391.78,-1.0
2025-10-21 11:03:00,391.98,-1.0
2025-10-21 11:03:30,391.9,-1.0
2025-10-21 11:04:00,392.0,-1.0
2025-10-21 11:04:30,392.03,-1.0
2025-10-21 11:05:00,392.08,-1.0
2025-10-21 11:05:30,392.1,-1.0
2025-10-21 11:06:00,392.1,-1.0
2025-10-21 11:06:30,392.05,-1.0
2025-10-21 11:07:00,392.07,-1.0
2025-10-21 11:07:30,392.1,-1.0
2025-10-21 11:08:00,391.95,-1.0
2025-10-21 11:08:30,392.0,-1.0
2025-10-21 11:09:30,392.1,-1.0
2025-10-21 11:10:00,392.21,-1.0
2025-10-21 11:10:30,392.23,-1.0
2025-10-21 11:11:30,392.31,-1.0
2025-10-21 11:12:30,392.42,-1.0
2025-10-21 11:13:00,392.59,-1.0
2025-10-21 11:13:30,392.81,-1.0
2025-10-21 11:14:00,392.8,-1.0
2025-10-21 11:14:30,392.75,-1.0
2025-10-21 11:15:00,392.68,-1.0
2025-10-21 11:15:30,392.68,-1.0
2025-10-21 11:16:00,392.8,-1.0
2025-10-21 11:16:30,393.0,-1.0
2025-10-21 11:17:00,393.07,-1.0
2025-10-21 11:17:30,393.0,-1.0
2025-10-21 11:18:00,392.87,-1.0
2025-10-21 11:18:30,392.72,-1.0
2025-10-21 11:19:00,392.56,-1.0
2025-10-21 11:19:30,392.3,-1.0
2025-10-21 11:20:00,392.1,-1.0
2025-10-21 11:20:30,392.1,-1.0
2025-10-21 11:21:00,392.0,-1.0
2025-10-21 11:21:30,391.83,-1.0
2025-10-21 11:22:00,392.0,-1.0
2025-10-21 11:23:00,392.2,-1.0
2025-10-21 11:23:30,392.16,-1.0
2025-10-21 11:24:30,392.28,-1.0
2025-10-21 11:25:00,392.09,-1.0
2025-10-21 11:25:30,392.06,-1.0
2025-10-21 11:26:00,392.32,-1.0
2025-10-21 11:27:30,392.3,-1.0
2025-10-21 11:29:30,392.25,-1.0
2025-10-21 11:30:00,392.31,-1.0
2025-10-21 11:30:30,392.38,-1.0
2025-10-21 11:31:00,392.5,-1.0
2025-10-21 11:31:30,392.34,-1.0
2025-10-21 11:32:30,392.33,-1.0
2025-10-21 11:33:00,392.39,-1.0
2025-10-21 11:33:30,392.28,-1.0
2025-10-21 11:34:30,392.27,-1.0
2025-10-21 11:35:30,392.28,-1.0
2025-10-21 11:36:00,392.2,-1.0
2025-10-21 11:36:30,392.32,-1.0
2025-10-21 11:37:00,392.4,-1.0
2025-10-21 11:37:30,392.2,-1.0
2025-10-21 11:38:00,392.23,-1.0
2025-10-21 11:38:30,392.21,-1.0
2025-10-21 11:39:30,392.08,-1.0
2025-10-21 11:40:00,392.2,-1.0
2025-10-21 11:40:30,392.14,-1.0
2025-10-21 11:41:30,392.3,-1.0
2025-10-21 11:42:30,392.2,-1.0
2025-10-21 11:43:30,392.02,-1.0
2025-10-21 11:44:00,391.7,-1.0
2025-10-21 11:44:30,391.6,-1.0
2025-10-21 11:45:00,391.5,-1.0
2025-10-21 11:45:30,391.52,-1.0
2025-10-21 11:46:00,391.74,-1.0
2025-10-21 11:46:30,391.77,-1.0
2025-10-21 11:47:30,391.89,-1.0
2025-10-21 11:48:00,391.95,-1.0
2025-10-21 11:49:00,391.95,-1.0
2025-10-21 11:49:30,391.98,-1.0
2025-10-21 11:50:00,391.98,-1.0
2025-10-21 11:50:30,391.9,-1.0
2025-10-21 11:51:30,391.61,-1.0
2025-10-21 11:52:00,391.55,-1.0
2025-10-21 11:52:30,391.5,-1.0
2025-10-21 11:53:00,391.31,-1.0
2025-10-21 11:53:30,391.55,-1.0
2025-10-21 11:54:00,391.61,-1.0
2025-10-21 11:54:30,391.55,-1.0
2025-10-21 11:55:00,391.5,-1.0
2025-10-21 11:55:30,391.28,-1.0
2025-10-21 11:56:00,391.25,-1.0
2025-10-21 11:56:30,391.06,-1.0
2025-10-21 11:57:00,390.9,-1.0
2025-10-21 11:57:30,390.68,-1.0
2025-10-21 11:58:00,390.95,-1.0
2025-10-21 11:58:30,391.09,-1.0
2025-10-21 11:59:30,391.35,-1.0
2025-10-21 12:00:00,391.24,-1.0
2025-10-21 12:00:30,392.3,-1.0
2025-10-21 12:01:00,395.99,0.0
2025-10-21 12:02:00,391.1,-1.0
2025-10-21 12:02:30,392.1,-1.0
2025-10-21 12:03:00,391.79,-1.0
2025-10-21 12:03:30,391.63,-1.0
2025-10-21 12:04:00,391.66,-1.0
2025-10-21 12:04:30,391.42,-1.0
2025-10-21 12:05:30,391.45,-1.0
2025-10-21 12:06:00,391.37,-1.0
2025-10-21 12:06:30,391.4,-1.0
2025-10-21 12:07:00,391.12,-1.0
2025-10-21 12:07:30,391.1207,-1.0
2025-10-21 12:08:00,391.5,-1.0
2025-10-21 12:08:30,391.4763,-1.0
2025-10-21 12:09:00,391.37,-1.0
2025-10-21 12:09:30,391.0,-1.0
2025-10-21 12:10:00,391.17,-1.0
2025-10-21 12:10:30,391.14,-1.0
2025-10-21 12:11:00,391.0,-1.0
2025-10-21 12:11:30,389.13,-1.0
2025-10-21 12:12:00,389.31,-1.0
2025-10-21 12:12:30,389.03,-1.0
2025-10-21 12:13:00,388.62,-1.0
2025-10-21 12:13:30,388.9,-1.0
2025-10-21 12:14:00,388.97,-1.0
2025-10-21 12:14:30,388.6,-1.0
2025-10-21 12:15:00,388.34,-1.0
2025-10-21 12:15:30,388.6107,-1.0
2025-10-21 12:16:00,389.23,-1.0
2025-10-21 12:16:30,388.9,-1.0
2025-10-21 12:17:00,388.99,-1.0
2025-10-21 12:17:30,388.64,-1.0
2025-10-21 12:18:00,389.05,-1.0
2025-10-21 12:18:30,389.13,-1.0
2025-10-21 12:19:00,389.0001,-1.0
2025-10-21 12:19:30,389.05,-1.0
2025-10-21 12:20:00,389.01,-1.0
2025-10-21 12:20:30,389.12,-1.0
2025-10-21 12:21:00,389.49,-1.0
2025-10-21 12:21:30,388.9,-1.0
2025-10-21 12:22:00,388.9,-1.0
2025-10-21 12:22:30,388.88,-1.0
2025-10-21 12:23:00,389.05,-1.0
2025-10-21 12:23:30,388.7204,-1.0
2025-10-21 12:24:00,388.6,-1.0
2025-10-21 12:24:30,388.5101,-1.0
2025-10-21 12:25:00,388.8,-1.0
2025-10-21 12:25:30,388.55,-1.0
2025-10-21 12:26:00,388.61,-1.0
2025-10-21 12:26:30,388.52,-1.0
2025-10-21 12:27:00,388.2505,-1.0
2025-10-21 12:27:30,388.76,-1.0
2025-10-21 12:28:00,388.83,-1.0
2025-10-21 12:28:30,388.99,-1.0
2025-10-21 12:29:00,389.11,-1.0
2025-10-21 12:29:30,389.29,-1.0
2025-10-21 12:30:00,389.34,-1.0
2025-10-21 12:30:30,388.94,-1.0
2025-10-21 12:31:00,388.99,-1.0
2025-10-21 12:31:30,389.0,-1.0
2025-10-21 12:32:00,388.71,-1.0
2025-10-21 12:32:30,388.41,-1.0
2025-10-21 12:33:00,388.4,-1.0
2025-10-21 12:33:30,388.46,-1.0
2025-10-21 12:34:00,388.32,-1.0
2025-10-21 12:34:30,388.08,-1.0
2025-10-21 12:35:00,388.1859,-1.0
2025-10-21 12:35:30,388.25,-1.0
2025-10-21 12:36:00,388.2695,-1.0
2025-10-21 12:36:30,388.25,-1.0
2025-10-21 12:37:00,388.37,-1.0
2025-10-21 12:37:30,388.47,-1.0
2025-10-21 12:38:00,388.3,-1.0
2025-10-21 12:38:30,388.5,-1.0
2025-10-21 12:39:00,388.3583,-1.0
2025-10-21 12:39:30,388.45,-1.0
2025-10-21 12:40:00,388.45,-1.0
2025-10-21 12:40:30,388.45,-1.0
2025-10-21 12:41:00,388.5008,-1.0
2025-10-21 12:41:30,388.79,-1.0
2025-10-21 12:42:00,388.74,-1.0
2025-10-21 12:42:30,388.8614,-1.0
2025-10-21 12:43:00,388.2,-1.0
2025-10-21 12:43:30,388.32,-1.0
2025-10-21 12:44:00,388.13,-1.0
2025-10-21 12:44:30,388.01,-1.0
2025-10-21 12:45:00,388.35,-1.0
2025-10-21 12:45:30,388.08,-1.0
2025-10-21 12:46:00,388.09,-1.0
2025-10-21 12:46:30,388.105,-1.0
2025-10-21 12:47:00,387.07,-1.0
2025-10-21 12:47:30,387.8,-1.0
2025-10-21 12:48:00,388.11,-1.0
2025-10-21 12:48:30,388.1,-1.0
2025-10-21 12:49:00,388.37,-1.0
2025-10-21 12:49:30,388.28,-1.0
2025-10-21 12:50:00,388.04,-1.0
2025-10-21 12:50:30,387.9,-1.0
2025-10-21 12:51:00,387.5108,-1.0
2025-10-21 12:51:30,387.59,-1.0
2025-10-21 12:52:00,387.66,-1.0
2025-10-21 12:52:30,387.475,-1.0
2025-10-21 12:53:00,387.81,-1.0
2025-10-21 12:53:30,387.86,-1.0
2025-10-21 12:54:00,387.82,-1.0
2025-10-21 12:54:30,387.83,-1.0
2025-10-21 12:55:00,387.5,-1.0
2025-10-21 12:55:30,387.24,-1.0
2025-10-21 12:56:00,387.54,-1.0
2025-10-21 12:56:30,387.73,-1.0
2025-10-21 12:57:00,387.89,-1.0
2025-10-21 12:57:30,387.91,-1.0
2025-10-21 12:58:00,387.86,-1.0
2025-10-21 12:59:00,387.8,-1.0
2025-10-21 12:59:30,387.67,-1.0
2025-10-21 13:00:00,387.75,-1.0
2025-10-21 13:00:00,387.75,-1.0
2025-10-21 13:00:30,387.31,-1.0
2025-10-21 13:01:00,387.03,-1.0
2025-10-21 13:01:30,387.01,-1.0
2025-10-21 13:02:00,386.66,-1.0
2025-10-21 13:02:30,386.43,-1.0
2025-10-21 13:03:00,386.11,-1.0
2025-10-21 13:03:30,385.98,-1.0
2025-10-21 13:04:00,385.89,-1.0
2025-10-21 13:04:30,386.38,-1.0
2025-10-21 13:05:00,386.79,-1.0
2025-10-21 13:05:30,386.86,-1.0
2025-10-21 13:06:00,386.89,-1.0
2025-10-21 13:06:30,386.92,-1.0
2025-10-21 13:07:00,387.26,-1.0
2025-10-21 13:07:30,387.25,-1.0
2025-10-21 13:08:00,386.96,-1.0
2025-10-21 13:08:30,386.8,-1.0
2025-10-21 13:09:00,386.9631,-1.0
2025-10-21 13:09:30,386.5,-1.0
2025-10-21 13:10:00,386.8,-1.0
2025-10-21 13:10:30,386.67,-1.0
2025-10-21 13:11:00,386.5884,-1.0
2025-10-21 13:11:30,386.67,-1.0
2025-10-21 13:12:00,386.46,-1.0
2025-10-21 13:12:30,386.01,-1.0
2025-10-21 13:13:00,385.63,-1.0
2025-10-21 13:13:30,385.7,-1.0
2025-10-21 13:14:00,386.0,-1.0
2025-10-21 13:14:30,386.13,-1.0
2025-10-21 13:15:00,385.85,-1.0
2025-10-21 13:15:30,386.17,-1.0
2025-10-21 13:16:00,386.13,-1.0
2025-10-21 13:16:30,386.4292,-1.0
2025-10-21 13:17:00,386.5,-1.0
2025-10-21 13:17:30,386.71,-1.0
2025-10-21 13:18:00,386.94,-1.0
2025-10-21 13:18:30,386.95,-1.0
2025-10-21 13:19:00,386.81,-1.0
2025-10-21 13:19:30,387.05,-1.0
2025-10-21 13:20:00,387.12,-1.0
2025-10-21 13:20:30,386.88,-1.0
2025-10-21 13:21:00,386.54,-1.0
2025-10-21 13:21:30,386.93,-1.0
2025-10-21 13:22:00,387.1,-1.0
2025-10-21 13:22:30,387.31,-1.0
2025-10-21 13:23:00,387.25,-1.0
2025-10-21 13:23:30,387.28,-1.0
2025-10-21 13:24:00,387.17,-1.0
2025-10-21 13:24:30,387.31,-1.0
2025-10-21 13:25:00,387.01,-1.0
2025-10-21 13:25:30,386.98,-1.0
2025-10-21 13:26:00,386.91,-1.0
2025-10-21 13:26:30,386.64,-1.0
2025-10-21 13:27:00,386.44,-1.0
2025-10-21 13:27:30,386.67,-1.0
2025-10-21 13:28:00,386.97,-1.0
2025-10-21 13:28:30,386.86,-1.0
2025-10-21 13:29:00,386.7796,-1.0
2025-10-21 13:29:30,386.6,-1.0
2025-10-21 13:30:00,386.71,-1.0
2025-10-21 13:30:30,386.41,-1.0
2025-10-21 13:31:00,386.23,-1.0
2025-10-21 13:31:30,386.04,-1.0
2025-10-21 13:32:00,386.41,-1.0
2025-10-21 13:32:30,386.18,-1.0
2025-10-21 13:33:00,386.58,-1.0
2025-10-21 13:33:30,386.73,-1.0
2025-10-21 13:34:00,387.01,-1.0
2025-10-21 13:34:30,386.47,-1.0
2025-10-21 13:35:00,386.12,-1.0
2025-10-21 13:35:30,386.42,-1.0
2025-10-21 13:36:00,386.63,-1.0
2025-10-21 13:36:30,386.89,-1.0
2025-10-21 13:37:00,387.31,-1.0
2025-10-21 13:37:30,387.29,-1.0
2025-10-21 13:38:00,388.02,-1.0
2025-10-21 13:38:30,388.48,-1.0
2025-10-21 13:39:00,388.55,-1.0
2025-10-21 13:39:30,388.69,-1.0
2025-10-21 13:40:00,388.8,-1.0
2025-10-21 13:40:30,388.605,-1.0
2025-10-21 13:41:00,388.38,-1.0
2025-10-21 13:41:30,388.095,-1.0
2025-10-21 13:42:00,387.93,-1.0
2025-10-21 13:42:30,387.59,-1.0
2025-10-21 13:43:00,387.48,-1.0
2025-10-21 13:43:30,387.295,-1.0
2025-10-21 13:44:00,387.05,-1.0
2025-10-21 13:44:30,387.01,-1.0
2025-10-21 13:45:00,387.05,-1.0
2025-10-21 13:45:30,387.05,-1.0
2025-10-21 13:46:00,387.24,-1.0
2025-10-21 13:46:30,387.32,-1.0
2025-10-21 13:47:00,386.785,-1.0
2025-10-21 13:47:30,386.09,-1.0
2025-10-21 13:48:00,386.035,-1.0
2025-10-21 13:48:30,385.36,-1.0
2025-10-21 13:49:00,384.85,-1.0
2025-10-21 13:49:30,384.715,-1.0
2025-10-21 13:50:00,384.435,-1.0
2025-10-21 13:50:30,384.92,-1.0
2025-10-21 13:51:00,384.63,-1.0
2025-10-21 13:51:30,384.51,-1.0
2025-10-21 13:52:00,383.76,-1.0
2025-10-21 13:52:30,384.1,-1.0
2025-10-21 13:53:00,384.04,-1.0
2025-10-21 13:53:30,384.7999,-1.0
2025-10-21 13:54:00,384.0169,-1.0
2025-10-21 13:54:30,384.24,-1.0
2025-10-21 13:55:00,383.7,-1.0
2025-10-21 13:55:30,384.295,-1.0
2025-10-21 13:56:00,383.7313,-1.0
2025-10-21 13:56:30,384.21,-1.0
2025-10-21 13:57:00,384.28,-1.0
2025-10-21 13:57:30,384.1275,-1.0
2025-10-21 13:58:00,383.99,-1.0
2025-10-21 13:58:30,384.27,-1.0
2025-10-21 13:59:00,384.48,-1.0
2025-10-21 13:59:30,384.3301,-1.0
2025-10-21 14:00:00,384.43,-1.0
2025-10-21 14:00:30,384.1431,-1.0
2025-10-21 14:01:00,384.24,-1.0
2025-10-21 14:01:30,383.85,-1.0
2025-10-21 14:02:00,383.8242,-1.0
2025-10-21 14:02:30,384.22,-1.0
2025-10-21 14:03:00,383.74,-1.0
2025-10-21 14:03:30,383.4275,-1.0
2025-10-21 14:04:00,383.3,-1.0
2025-10-21 14:04:30,383.66,-1.0
2025-10-21 14:05:00,383.73,-1.0
2025-10-21 14:05:30,384.24,-1.0
2025-10-21 14:06:00,384.62,-1.0
2025-10-21 14:06:30,384.63,-1.0
2025-10-21 14:07:00,385.125,-1.0
2025-10-21 14:07:30,385.185,-1.0
2025-10-21 14:08:00,384.9888,-1.0
2025-10-21 14:08:30,384.4,-1.0
2025-10-21 14:09:00,383.86,-1.0
2025-10-21 14:09:30,384.15,-1.0
2025-10-21 14:10:00,383.8851,-1.0
2025-10-21 14:10:30,383.98,-1.0
2025-10-21 14:11:00,384.05,-1.0
2025-10-21 14:11:30,384.54,-1.0
2025-10-21 14:12:00,384.49,-1.0
2025-10-21 14:12:30,384.17,-1.0
2025-10-21 14:13:00,384.39,-1.0
2025-10-21 14:13:30,384.63,-1.0
2025-10-21 14:14:00,384.2,-1.0
2025-10-21 14:14:30,384.395,-1.0
2025-10-21 14:15:00,384.42,-1.0
2025-10-21 14:15:30,384.77,-1.0
2025-10-21 14:16:00,384.38,-1.0
2025-10-21 14:16:30,384.22,-1.0
2025-10-21 14:17:00,383.94,-1.0
2025-10-21 14:17:30,384.1,-1.0
2025-10-21 14:18:00,384.02,-1.0
2025-10-21 14:18:30,383.99,-1.0
2025-10-21 14:19:00,383.7,-1.0
2025-10-21 14:19:30,383.44,-1.0
2025-10-21 14:20:00,383.44,-1.0
2025-10-21 14:20:30,383.37,-1.0
2025-10-21 14:21:00,383.31,-1.0
2025-10-21 14:21:30,382.92,-1.0
2025-10-21 14:22:00,382.38,-1.0
2025-10-21 14:22:30,382.79,-1.0
2025-10-21 14:23:00,382.41,-1.0
2025-10-21 14:23:30,382.37,-1.0
2025-10-21 14:24:00,382.3259,-1.0
2025-10-21 14:24:30,382.03,-1.0
2025-10-21 14:25:00,382.05,-1.0
2025-10-21 14:25:30,382.12,-1.0
2025-10-21 14:26:00,382.39,-1.0
2025-10-21 14:26:30,382.1048,-1.0
2025-10-21 14:27:00,382.48,-1.0
2025-10-21 14:27:30,382.12,-1.0
2025-10-21 14:28:00,381.95,-1.0
2025-10-21 14:28:30,382.05,-1.0
2025-10-21 14:29:00,381.2,-1.0
2025-10-21 14:29:30,380.84,-1.0
2025-10-21 14:30:00,380.59,-1.0
2025-10-21 14:30:30,380.62,-1.0
2025-10-21 14:31:00,379.735,-1.0
2025-10-21 14:31:30,380.29,-1.0
2025-10-21 14:32:00,379.39,-1.0
2025-10-21 14:32:30,380.03,-1.0
2025-10-21 14:33:00,380.44,-1.0
2025-10-21 14:33:30,379.7312,-1.0
2025-10-21 14:34:00,379.81,-1.0
2025-10-21 14:34:30,380.404,-1.0
2025-10-21 14:35:00,380.065,-1.0
2025-10-21 14:35:30,380.33,-1.0
2025-10-21 14:36:00,379.9717,-1.0
2025-10-21 14:36:30,379.857,-1.0
2025-10-21 14:37:00,380.06,-1.0
2025-10-21 14:37:30,380.12,-1.0
2025-10-21 14:38:00,379.65,-1.0
2025-10-21 14:38:30,380.04,-1.0
2025-10-21 14:39:00,379.73,-1.0
2025-10-21 14:39:30,378.87,-1.0
2025-10-21 14:40:00,378.78,-1.0
2025-10-21 14:40:30,378.965,-1.0
2025-10-21 14:41:00,379.15,-1.0
2025-10-21 14:41:30,379.14,-1.0
2025-10-21 14:42:00,379.1522,-1.0
2025-10-21 14:42:30,378.59,-1.0
2025-10-21 14:43:00,378.49,-1.0
2025-10-21 14:43:30,378.13,-1.0
2025-10-21 14:44:00,377.45,-1.0
2025-10-21 14:44:30,377.87,-1.0
2025-10-21 14:45:00,377.45,-1.0
2025-10-21 14:45:30,377.43,-1.0
2025-10-21 14:46:00,375.97,-1.0
2025-10-21 14:46:30,376.39,-1.0
2025-10-21 14:47:00,377.2,-1.0
2025-10-21 14:47:30,378.09,-1.0
2025-10-21 14:48:00,377.64,-1.0
2025-10-21 14:48:30,378.205,-1.0
2025-10-21 14:49:00,377.96,-1.0
2025-10-21 14:49:30,378.11,-1.0
2025-10-21 14:50:00,378.379,-1.0
2025-10-21 14:50:30,378.47,-1.0
2025-10-21 14:51:00,379.05,-1.0
2025-10-21 14:51:30,378.86,-1.0
2025-10-21 14:52:00,378.69,-1.0
2025-10-21 14:52:30,378.85,-1.0
2025-10-21 14:53:00,378.59,-1.0
2025-10-21 14:53:30,379.02,-1.0
2025-10-21 14:54:00,378.91,-1.0
2025-10-21 14:54:30,378.65,-1.0
2025-10-21 14:55:00,379.34,-1.0
2025-10-21 14:55:30,379.11,-1.0
2025-10-21 14:56:00,379.0969,-1.0
2025-10-21 14:56:30,379.13,-1.0
2025-10-21 14:57:00,379.25,-1.0
2025-10-21 14:57:30,379.35,-1.0
2025-10-21 14:58:00,379.68,-1.0
2025-10-21 14:58:30,379.62,-1.0
2025-10-21 14:59:00,379.56,-1.0
2025-10-21 14:59:30,379.92,-1.0
2025-10-21 15:00:00,380.54,-1.0
2025-10-21 15:00:30,380.65,-1.0
2025-10-21 15:01:00,380.3,-1.0
2025-10-21 15:01:30,380.47,-1.0
2025-10-21 15:02:00,380.34,-1.0
2025-10-21 15:02:30,380.15,-1.0
2025-10-21 15:03:00,379.99,-1.0
2025-10-21 15:03:30,379.815,-1.0
2025-10-21 15:04:00,379.9,-1.0
2025-10-21 15:04:30,379.52,-1.0
2025-10-21 15:05:00,379.9,-1.0
2025-10-21 15:05:30,379.975,-1.0
2025-10-21 15:06:00,379.6395,-1.0
2025-10-21 15:06:30,379.98,-1.0
2025-10-21 15:07:00,379.96,-1.0
2025-10-21 15:07:30,379.8512,-1.0
2025-10-21 15:08:00,380.2773,-1.0
2025-10-21 15:08:30,380.58,-1.0
2025-10-21 15:09:00,380.51,-1.0
2025-10-21 15:09:30,380.55,-1.0
2025-10-21 15:10:00,380.39,-1.0
2025-10-21 15:10:30,380.69,-1.0
2025-10-21 15:11:00,380.6,-1.0
2025-10-21 15:11:30,380.9788,-1.0
2025-10-21 15:12:00,381.5331,-1.0
2025-10-21 15:12:30,381.69,-1.0
2025-10-21 15:13:00,381.27,-1.0
2025-10-21 15:13:30,381.3,-1.0
2025-10-21 15:14:00,381.49,-1.0
2025-10-21 15:14:30,381.34,-1.0
2025-10-21 15:15:00,381.25,-1.0
2025-10-21 15:15:30,381.0,-1.0
2025-10-21 15:16:00,380.64,-1.0
2025-10-21 15:16:30,380.8752,-1.0
2025-10-21 15:17:00,380.72,-1.0
2025-10-21 15:17:30,380.49,-1.0
2025-10-21 15:18:00,380.88,-1.0
2025-10-21 15:18:30,380.58,-1.0
2025-10-21 15:19:00,380.53,-1.0
2025-10-21 15:19:30,380.54,-1.0
2025-10-21 15:20:00,380.33,-1.0
2025-10-21 15:20:30,380.51,-1.0
2025-10-21 15:21:00,380.08,-1.0
2025-10-21 15:21:30,379.54,-1.0
2025-10-21 15:22:00,379.255,-1.0
2025-10-21 15:22:30,379.12,-1.0
2025-10-21 15:23:00,379.59,-1.0
2025-10-21 15:23:30,379.87,-1.0
2025-10-21 15:24:00,379.77,-1.0
2025-10-21 15:24:30,380.135,-1.0
2025-10-21 15:25:00,380.17,-1.0
2025-10-21 15:25:30,380.39,-1.0
2025-10-21 15:26:00,379.92,-1.0
2025-10-21 15:26:30,380.23,-1.0
2025-10-21 15:27:00,380.12,-1.0
2025-10-21 15:27:30,380.34,-1.0
2025-10-21 15:28:00,380.27,-1.0
2025-10-21 15:28:30,380.25,-1.0
2025-10-21 15:29:00,380.15,-1.0
2025-10-21 15:29:30,380.06,-1.0
2025-10-21 15:30:00,379.9228,-1.0
2025-10-21 15:30:30,379.6,-1.0
2025-10-21 15:31:00,379.785,-1.0
2025-10-21 15:31:30,380.14,-1.0
2025-10-21 15:32:00,379.77,-1.0
2025-10-21 15:32:30,379.81,-1.0
2025-10-21 15:33:00,379.5885,-1.0
2025-10-21 15:33:30,379.58,-1.0
2025-10-21 15:34:00,379.67,-1.0
2025-10-21 15:34:30,379.83,-1.0
2025-10-21 15:35:00,379.97,-1.0
2025-10-21 15:35:30,379.91,-1.0
2025-10-21 15:36:00,379.63,-1.0
2025-10-21 15:36:30,380.15,-1.0
2025-10-21 15:37:00,379.865,-1.0
2025-10-21 15:37:30,379.69,-1.0
2025-10-21 15:38:00,379.64,-1.0
2025-10-21 15:38:30,379.78,-1.0
2025-10-21 15:39:00,379.63,-1.0
2025-10-21 15:39:30,379.68,-1.0
2025-10-21 15:40:00,379.57,-1.0
2025-10-21 15:40:30,379.58,-1.0
2025-10-21 15:41:00,379.825,-1.0
2025-10-21 15:41:30,379.68,-1.0
2025-10-21 15:42:00,379.87,-1.0
2025-10-21 15:42:30,380.06,-1.0
2025-10-21 15:43:00,380.65,-1.0
2025-10-21 15:43:30,380.5219,-1.0
2025-10-21 15:44:00,380.67,-1.0
2025-10-21 15:44:30,380.9615,-1.0
2025-10-21 15:45:00,381.15,-1.0
2025-10-21 15:45:30,381.17,-1.0
2025-10-21 15:46:00,381.21,-1.0
2025-10-21 15:46:30,381.28,-1.0
2025-10-21 15:47:00,381.6299,-1.0
2025-10-21 15:47:30,381.3091,-1.0
2025-10-21 15:48:00,381.27,-1.0
2025-10-21 15:48:30,381.415,-1.0
2025-10-21 15:49:00,381.285,-1.0
2025-10-21 15:49:30,381.25,-1.0
2025-10-21 15:50:00,381.185,-1.0
2025-10-21 15:50:30,380.96,-1.0
2025-10-21 15:51:00,381.06,-1.0
2025-10-21 15:51:30,381.28,-1.0
2025-10-21 15:52:00,380.9399,-1.0
2025-10-21 15:52:30,380.78,-1.0
2025-10-21 15:53:00,380.85,-1.0
2025-10-21 15:53:30,380.95,-1.0
2025-10-21 15:54:00,380.63,-1.0
2025-10-21 15:54:30,380.94,-1.0
2025-10-21 15:55:00,381.015,-1.0
2025-10-21 15:55:30,381.17,-1.0
2025-10-21 15:56:00,381.34,-1.0
2025-10-21 15:56:30,381.305,-1.0
2025-10-21 15:57:00,381.09,-1.0
2025-10-21 15:57:30,380.915,-1.0
2025-10-21 15:58:00,380.72,-1.0
2025-10-21 15:58:30,380.39,-1.0
2025-10-21 15:59:00,380.61,-1.0
2025-10-21 15:59:30,380.58,-1.0
2025-10-21 16:00:00,380.63,-1.0
2025-10-21 16:00:30,380.8,-1.0
2025-10-21 16:01:00,380.7794,-1.0
2025-10-21 16:01:30,380.265,-1.0
2025-10-21 16:02:00,380.745,-1.0
2025-10-21 16:02:30,380.615,-1.0
2025-10-21 16:03:00,380.44,-1.0
2025-10-21 16:03:30,380.8,-1.0
2025-10-21 16:04:00,381.07,-1.0
2025-10-21 16:04:30,381.03,-1.0
2025-10-21 16:05:00,381.22,-1.0
2025-10-21 16:05:30,380.925,-1.0
2025-10-21 16:06:00,380.99,-1.0
2025-10-21 16:06:30,380.95,-1.0
2025-10-21 16:07:00,380.57,-1.0
2025-10-21 16:07:30,380.6,-1.0
2025-10-21 16:08:00,380.64,-1.0
2025-10-21 16:08:30,380.475,-1.0
2025-10-21 16:09:00,380.54,-1.0
2025-10-21 16:09:30,380.7107,-1.0
2025-10-21 16:10:00,380.67,-1.0
2025-10-21 16:10:30,380.45,-1.0
2025-10-21 16:11:00,380.53,-1.0
2025-10-21 16:11:30,380.0415,-1.0
2025-10-21 16:12:00,379.741,-1.0
2025-10-21 16:12:30,379.86,-1.0
2025-10-21 16:13:00,380.04,-1.0
2025-10-21 16:13:30,380.5552,-1.0
2025-10-21 16:14:00,380.48,-1.0
2025-10-21 16:14:30,380.639,-1.0
2025-10-21 16:15:00,380.63,-1.0
2025-10-21 16:15:30,380.42,-1.0
2025-10-21 16:16:00,380.3,-1.0
2025-10-21 16:16:30,380.17,-1.0
2025-10-21 16:17:00,379.715,-1.0
2025-10-21 16:17:30,379.96,-1.0
2025-10-21 16:18:00,380.16,-1.0
2025-10-21 16:18:30,380.17,-1.0
2025-10-21 16:19:00,379.95,-1.0
2025-10-21 16:19:30,379.77,-1.0
2025-10-21 16:20:00,379.88,-1.0
2025-10-21 16:20:30,379.86,-1.0
2025-10-21 16:21:00,379.8,-1.0
2025-10-21 16:21:30,379.87,-1.0
2025-10-21 16:22:00,379.66,-1.0
2025-10-21 16:22:30,379.211,-1.0
2025-10-21 16:23:00,378.715,-1.0
2025-10-21 16:23:30,379.145,-1.0
2025-10-21 16:24:00,379.0,-1.0
2025-10-21 16:24:30,379.12,-1.0
2025-10-21 16:25:00,379.0084,-1.0
2025-10-21 16:25:30,378.75,-1.0
2025-10-21 16:26:00,378.899,-1.0
2025-10-21 16:26:30,378.8388,-1.0
2025-10-21 16:27:00,379.0343,-1.0
2025-10-21 16:27:30,379.0,-1.0
2025-10-21 16:28:00,379.05,-1.0
2025-10-21 16:28:30,378.8199,-1.0
2025-10-21 16:29:00,378.83,-1.0
2025-10-21 16:29:30,378.795,-1.0
2025-10-21 16:30:00,378.9674,-1.0
2025-10-21 16:30:30,378.915,-1.0
2025-10-21 16:31:00,378.49,-1.0
2025-10-21 16:31:30,378.7606,-1.0
2025-10-21 16:32:00,378.91,-1.0
2025-10-21 16:32:30,378.875,-1.0
2025-10-21 16:33:00,379.1,-1.0
2025-10-21 16:33:30,378.72,-1.0
2025-10-21 16:34:00,378.985,-1.0
2025-10-21 16:34:30,378.985,-1.0
2025-10-21 16:35:00,379.115,-1.0
2025-10-21 16:35:30,378.86,-1.0
2025-10-21 16:36:00,378.66,-1.0
2025-10-21 16:36:30,378.58,-1.0
2025-10-21 16:37:00,378.375,-1.0
2025-10-21 16:37:30,378.49,-1.0
2025-10-21 16:38:00,378.448,-1.0
2025-10-21 16:38:30,378.1928,-1.0
2025-10-21 16:39:00,378.172,-1.0
2025-10-21 16:39:30,377.66,-1.0
2025-10-21 16:40:00,378.12,-1.0
2025-10-21 16:40:30,378.02,-1.0
2025-10-21 16:41:00,378.07,-1.0
2025-10-21 16:41:30,378.3,-1.0
2025-10-21 16:42:00,378.1689,-1.0
2025-10-21 16:42:30,378.1347,-1.0
2025-10-21 16:43:00,378.1601,-1.0
2025-10-21 16:43:30,378.4,-1.0
2025-10-21 16:44:00,378.48,-1.0
2025-10-21 16:44:30,378.545,-1.0
2025-10-21 16:45:00,378.64,-1.0
2025-10-21 16:45:30,378.65,-1.0
2025-10-21 16:46:00,378.29,-1.0
2025-10-21 16:46:30,378.36,-1.0
2025-10-21 16:47:00,378.17,-1.0
2025-10-21 16:47:30,378.4,-1.0
2025-10-21 16:48:00,378.57,-1.0
2025-10-21 16:48:30,378.68,-1.0
2025-10-21 16:49:00,378.79,-1.0
2025-10-21 16:49:30,378.78,-1.0
2025-10-21 16:50:00,378.805,-1.0
2025-10-21 16:50:30,378.89,-1.0
2025-10-21 16:51:00,379.08,-1.0
2025-10-21 16:51:30,379.19,-1.0
2025-10-21 16:52:00,379.2,-1.0
2025-10-21 16:52:30,379.18,-1.0
2025-10-21 16:53:00,379.1376,-1.0
2025-10-21 16:53:30,379.01,-1.0
2025-10-21 16:54:00,379.5,-1.0
2025-10-21 16:54:30,379.565,-1.0
2025-10-21 16:55:00,379.53,-1.0
2025-10-21 16:55:30,379.395,-1.0
2025-10-21 16:56:00,379.2912,-1.0
2025-10-21 16:56:30,379.165,-1.0
2025-10-21 16:57:00,379.0,-1.0
2025-10-21 16:57:30,378.775,-1.0
2025-10-21 16:58:00,378.585,-1.0
2025-10-21 16:58:30,378.5,-1.0
2025-10-21 16:59:00,378.425,-1.0
2025-10-21 16:59:30,378.475,-1.0
2025-10-21 17:00:00,378.5,-1.0
2025-10-21 17:00:30,378.54,-1.0
2025-10-21 17:01:00,378.315,-1.0
2025-10-21 17:01:30,378.85,-1.0
2025-10-21 17:02:00,378.38,-1.0
2025-10-21 17:02:30,378.2331,-1.0
2025-10-21 17:03:00,378.185,-1.0
2025-10-21 17:03:30,378.0,-1.0
2025-10-21 17:04:00,377.94,-1.0
2025-10-21 17:04:30,377.8851,-1.0
2025-10-21 17:05:00,377.705,-1.0
2025-10-21 17:05:30,377.71,-1.0
2025-10-21 17:06:00,377.6599,-1.0
2025-10-21 17:06:30,377.7453,-1.0
2025-10-21 17:07:00,377.83,-1.0
2025-10-21 17:07:30,377.88,-1.0
2025-10-21 17:08:00,377.8,-1.0
2025-10-21 17:08:30,377.92,-1.0
2025-10-21 17:09:00,377.83,-1.0
2025-10-21 17:09:30,377.95,-1.0
2025-10-21 17:10:00,377.94,-1.0
2025-10-21 17:10:30,378.0,-1.0
2025-10-21 17:11:00,377.78,-1.0
2025-10-21 17:11:30,377.86,-1.0
2025-10-21 17:12:00,377.6,-1.0
2025-10-21 17:12:30,377.53,-1.0
2025-10-21 17:13:00,377.92,-1.0
2025-10-21 17:13:30,378.04,-1.0
2025-10-21 17:14:00,378.29,-1.0
2025-10-21 17:14:30,378.3199,-1.0
2025-10-21 17:15:00,378.49,-1.0
2025-10-21 17:15:30,378.51,-1.0
2025-10-21 17:16:00,378.795,-1.0
2025-10-21 17:16:30,378.845,-1.0
2025-10-21 17:17:00,378.82,-1.0
2025-10-21 17:17:30,378.8612,-1.0
2025-10-21 17:18:00,378.67,-1.0
2025-10-21 17:18:30,378.58,-1.0
2025-10-21 17:19:00,378.455,-1.0
2025-10-21 17:19:30,378.2855,-1.0
2025-10-21 17:20:00,378.1994,-1.0
2025-10-21 17:20:30,378.1199,-1.0
2025-10-21 17:21:00,378.06,-1.0
2025-10-21 17:21:30,378.0496,-1.0
2025-10-21 17:22:00,378.22,-1.0
2025-10-21 17:22:30,378.07,-1.0
2025-10-21 17:23:00,377.955,-1.0
2025-10-21 17:23:30,377.9741,-1.0
2025-10-21 17:24:00,378.06,-1.0
2025-10-21 17:24:30,378.09,-1.0
2025-10-21 17:25:00,377.98,-1.0
2025-10-21 17:25:30,377.98,-1.0
2025-10-21 17:26:00,377.905,-1.0
2025-10-21 17:26:30,377.93,-1.0
2025-10-21 17:27:00,377.94,-1.0
2025-10-21 17:27:30,377.67,-1.0
2025-10-21 17:28:00,377.12,-1.0
2025-10-21 17:28:30,377.16,-1.0
2025-10-21 17:29:00,376.86,-1.0
2025-10-21 17:29:30,376.82,-1.0
2025-10-21 17:30:00,377.0,-1.0
2025-10-21 17:30:30,377.1575,-1.0
2025-10-21 17:31:00,376.86,-1.0
2025-10-21 17:31:30,377.34,-1.0
2025-10-21 17:32:00,377.67,-1.0
2025-10-21 17:32:30,377.9299,-1.0
2025-10-21 17:33:00,377.83,-1.0
2025-10-21 17:33:30,377.84,-1.0
2025-10-21 17:34:00,377.92,-1.0
2025-10-21 17:34:30,378.3125,-1.0
2025-10-21 17:35:00,378.42,-1.0
2025-10-21 17:35:30,378.57,-1.0
2025-10-21 17:36:00,378.618,-1.0
2025-10-21 17:36:30,378.3799,-1.0
2025-10-21 17:37:00,378.495,-1.0
2025-10-21 17:37:30,378.69,-1.0
2025-10-21 17:38:00,378.6255,-1.0
2025-10-21 17:38:30,378.66,-1.0
2025-10-21 17:39:00,378.59,-1.0
2025-10-21 17:39:30,378.66,-1.0
2025-10-21 17:40:00,378.47,-1.0
2025-10-21 17:40:30,378.37,-1.0
2025-10-21 17:41:00,378.21,-1.0
2025-10-21 17:41:30,378.4,-1.0
2025-10-21 17:42:00,378.47,-1.0
2025-10-21 17:42:30,378.58,-1.0
2025-10-21 17:43:00,378.71,-1.0
2025-10-21 17:43:30,378.76,-1.0
2025-10-21 17:44:00,378.71,-1.0
2025-10-21 17:44:30,378.8344,-1.0
2025-10-21 17:45:00,378.75,-1.0
2025-10-21 17:45:30,378.7299,-1.0
2025-10-21 17:46:00,378.765,-1.0
2025-10-21 17:46:30,378.62,-1.0
2025-10-21 17:47:00,378.56,-1.0
2025-10-21 17:47:30,378.6,-1.0
2025-10-21 17:48:00,378.54,-1.0
2025-10-21 17:48:30,378.69,-1.0
2025-10-21 17:49:00,379.0962,-1.0
2025-10-21 17:49:30,378.85,-1.0
2025-10-21 17:50:00,378.675,-1.0
2025-10-21 17:50:30,378.5301,-1.0
2025-10-21 17:51:00,378.47,-1.0
2025-10-21 17:51:30,378.4598,-1.0
2025-10-21 17:52:00,378.4,-1.0
2025-10-21 17:52:30,378.5055,-1.0
2025-10-21 17:53:00,378.4,-1.0
2025-10-21 17:53:30,378.18,-1.0
2025-10-21 17:54:00,378.37,-1.0
2025-10-21 17:54:30,378.195,-1.0
2025-10-21 17:55:00,378.32,-1.0
2025-10-21 17:55:30,378.3,-1.0
2025-10-21 17:56:00,378.405,-1.0
2025-10-21 17:56:30,378.5,-1.0
2025-10-21 17:57:00,378.49,-1.0
2025-10-21 17:57:30,378.39,-1.0
2025-10-21 17:58:00,378.45,-1.0
2025-10-21 17:58:30,378.42,-1.0
2025-10-21 17:59:00,378.36,-1.0
2025-10-21 17:59:30,378.27,-1.0
2025-10-21 18:00:00,378.45,-1.0
2025-10-21 18:00:30,378.31,-1.0
2025-10-21 18:01:00,378.42,-1.0
2025-10-21 18:01:30,378.5893,-1.0
2025-10-21 18:02:00,378.91,-1.0
2025-10-21 18:02:30,379.0407,-1.0
2025-10-21 18:03:00,379.05,-1.0
2025-10-21 18:03:30,379.23,-1.0
2025-10-21 18:04:00,379.21,-1.0
2025-10-21 18:04:30,379.07,-1.0
2025-10-21 18:05:00,379.19,-1.0
2025-10-21 18:05:30,379.36,-1.0
2025-10-21 18:06:00,379.1046,-1.0
2025-10-21 18:06:30,379.115,-1.0
2025-10-21 18:07:00,378.93,-1.0
2025-10-21 18:07:30,378.6494,-1.0
2025-10-21 18:08:00,378.69,-1.0
2025-10-21 18:08:30,378.6834,-1.0
2025-10-21 18:09:00,378.53,-1.0
2025-10-21 18:09:30,378.54,-1.0
2025-10-21 18:10:00,378.6,-1.0
2025-10-21 18:10:30,378.52,-1.0
2025-10-21 18:11:00,378.47,-1.0
2025-10-21 18:11:30,378.71,-1.0
2025-10-21 18:12:00,378.71,-1.0
2025-10-21 18:12:30,378.58,-1.0
2025-10-21 18:13:00,378.505,-1.0
2025-10-21 18:13:30,378.505,-1.0
2025-10-21 18:14:00,378.49,-1.0
2025-10-21 18:14:30,378.65,-1.0
2025-10-21 18:15:00,378.9782,-1.0
2025-10-21 18:15:30,378.96,-1.0
2025-10-21 18:16:00,378.76,-1.0
2025-10-21 18:16:30,378.69,-1.0
2025-10-21 18:17:00,378.368,-1.0
2025-10-21 18:17:30,378.5401,-1.0
2025-10-21 18:18:00,378.43,-1.0
2025-10-21 18:18:30,378.53,-1.0
2025-10-21 18:19:00,378.66,-1.0
2025-10-21 18:19:30,378.6723,-1.0
2025-10-21 18:20:00,378.54,-1.0
2025-10-21 18:20:30,378.57,-1.0
2025-10-21 18:21:00,378.56,-1.0
2025-10-21 18:21:30,378.71,-1.0
2025-10-21 18:22:00,378.6178,-1.0
2025-10-21 18:22:30,378.5,-1.0
2025-10-21 18:23:00,378.5701,-1.0
2025-10-21 18:23:30,378.61,-1.0
2025-10-21 18:24:00,378.79,-1.0
2025-10-21 18:24:30,378.7104,-1.0
2025-10-21 18:25:00,378.87,-1.0
2025-10-21 18:25:30,378.84,-1.0
2025-10-21 18:26:00,378.7757,-1.0
2025-10-21 18:26:30,378.95,-1.0
2025-10-21 18:27:00,378.994,-1.0
2025-10-21 18:27:30,378.81,-1.0
2025-10-21 18:28:00,378.84,-1.0
2025-10-21 18:28:30,378.685,-1.0
2025-10-21 18:29:00,378.66,-1.0
2025-10-21 18:29:30,378.7684,-1.0
2025-10-21 18:30:00,378.72,-1.0
2025-10-21 18:30:30,378.72,-1.0
2025-10-21 18:31:00,378.63,-1.0
2025-10-21 18:31:30,378.73,-1.0
2025-10-21 18:32:00,378.68,-1.0
2025-10-21 18:32:30,378.8196,-1.0
2025-10-21 18:33:00,378.88,-1.0
2025-10-21 18:33:30,379.07,-1.0
2025-10-21 18:34:00,378.96,-1.0
2025-10-21 18:34:30,379.165,-1.0
2025-10-21 18:35:00,379.02,-1.0
2025-10-21 18:35:30,379.11,-1.0
2025-10-21 18:36:00,379.1288,-1.0
2025-10-21 18:36:30,379.08,-1.0
2025-10-21 18:37:00,379.18,-1.0
2025-10-21 18:37:30,379.26,-1.0
2025-10-21 18:38:00,379.4,-1.0
2025-10-21 18:38:30,379.5,-1.0
2025-10-21 18:39:00,379.49,-1.0
2025-10-21 18:39:30,379.49,-1.0
2025-10-21 18:40:00,379.54,-1.0
2025-10-21 18:40:30,379.5,-1.0
2025-10-21 18:41:00,379.36,-1.0
2025-10-21 18:41:30,379.3,-1.0
2025-10-21 18:42:00,379.0311,-1.0
2025-10-21 18:42:30,378.94,-1.0
2025-10-21 18:43:00,378.77,-1.0
2025-10-21 18:43:30,378.79,-1.0
2025-10-21 18:44:00,378.73,-1.0
2025-10-21 18:44:30,378.66,-1.0
2025-10-21 18:45:00,378.58,-1.0
2025-10-21 18:45:30,378.52,-1.0
2025-10-21 18:46:00,378.335,-1.0
2025-10-21 18:46:30,378.19,-1.0
2025-10-21 18:47:00,378.04,-1.0
2025-10-21 18:47:30,378.01,-1.0
2025-10-21 18:48:00,377.84,-1.0
2025-10-21 18:48:30,378.1465,-1.0
2025-10-21 18:49:00,378.231,-1.0
2025-10-21 18:49:30,378.34,-1.0
2025-10-21 18:50:00,378.35,-1.0
2025-10-21 18:50:30,378.35,-1.0
2025-10-21 18:51:00,378.481,-1.0
2025-10-21 18:51:30,378.3999,-1.0
2025-10-21 18:52:00,378.36,-1.0
2025-10-21 18:52:30,378.5883,-1.0
2025-10-21 18:53:00,378.51,-1.0
2025-10-21 18:53:30,378.37,-1.0
2025-10-21 18:54:00,378.42,-1.0
2025-10-21 18:54:30,378.4405,-1.0
2025-10-21 18:55:00,378.3,-1.0
2025-10-21 18:55:30,378.37,-1.0
2025-10-21 18:56:00,378.45,-1.0
2025-10-21 18:56:30,378.39,-1.0
2025-10-21 18:57:00,378.4424,-1.0
2025-10-21 18:57:30,378.525,-1.0
2025-10-21 18:58:00,378.54,-1.0
2025-10-21 18:58:30,378.49,-1.0
2025-10-21 18:59:00,378.49,-1.0
2025-10-21 18:59:30,378.54,-1.0
2025-10-21 19:00:00,378.53,-1.0
2025-10-21 19:00:30,378.65,-1.0
2025-10-21 19:01:00,378.7,-1.0
2025-10-21 19:01:30,378.8801,-1.0
2025-10-21 19:02:00,378.68,-1.0
2025-10-21 19:02:30,378.6101,-1.0
2025-10-21 19:03:00,378.66,-1.0
2025-10-21 19:03:30,379.01,-1.0
2025-10-21 19:04:00,379.05,-1.0
2025-10-21 19:04:30,379.12,-1.0
2025-10-21 19:05:00,379.12,-1.0
2025-10-21 19:05:30,379.23,-1.0
2025-10-21 19:06:00,379.12,-1.0
2025-10-21 19:06:30,379.07,-1.0
2025-10-21 19:07:00,378.9882,-1.0
2025-10-21 19:07:30,378.94,-1.0
2025-10-21 19:08:00,378.96,-1.0
2025-10-21 19:08:30,378.86,-1.0
2025-10-21 19:09:00,378.81,-1.0
2025-10-21 19:09:30,378.7096,-1.0
2025-10-21 19:10:00,378.65,-1.0
2025-10-21 19:10:30,378.58,-1.0
2025-10-21 19:11:00,378.43,-1.0
2025-10-21 19:11:30,378.36,-1.0
2025-10-21 19:12:00,378.27,-1.0
2025-10-21 19:12:30,378.185,-1.0
2025-10-21 19:13:00,377.95,-1.0
2025-10-21 19:13:30,378.13,-1.0
2025-10-21 19:14:00,378.0,-1.0
2025-10-21 19:14:30,378.01,-1.0
2025-10-21 19:15:00,378.01,-1.0
2025-10-21 19:15:30,378.11,-1.0
2025-10-21 19:16:00,378.05,-1.0
2025-10-21 19:16:30,377.96,-1.0
2025-10-21 19:17:00,378.12,-1.0
2025-10-21 19:17:30,377.96,-1.0
2025-10-21 19:18:00,377.6001,-1.0
2025-10-21 19:18:30,377.38,-1.0
2025-10-21 19:19:00,377.67,-1.0
2025-10-21 19:19:30,377.74,-1.0
2025-10-21 19:20:00,377.79,-1.0
2025-10-21 19:20:30,377.81,-1.0
2025-10-21 19:21:00,377.63,-1.0
2025-10-21 19:21:30,377.6892,-1.0
2025-10-21 19:22:00,377.76,-1.0
2025-10-21 19:22:30,377.5401,-1.0
2025-10-21 19:23:00,377.65,-1.0
2025-10-21 19:23:30,377.785,-1.0
2025-10-21 19:24:00,377.8,-1.0
2025-10-21 19:24:30,377.82,-1.0
2025-10-21 19:25:00,377.7993,-1.0
2025-10-21 19:25:30,377.38,-1.0
2025-10-21 19:26:00,377.57,-1.0
2025-10-21 19:26:30,377.47,-1.0
2025-10-21 19:27:00,377.57,-1.0
2025-10-21 19:27:30,377.605,-1.0
2025-10-21 19:28:00,377.48,-1.0
2025-10-21 19:28:30,377.6108,-1.0
2025-10-21 19:29:00,377.82,-1.0
2025-10-21 19:29:30,377.7188,-1.0
2025-10-21 19:30:00,377.67,-1.0
2025-10-21 19:30:30,377.66,-1.0
2025-10-21 19:31:00,377.63,-1.0
2025-10-21 19:31:30,377.87,-1.0
2025-10-21 19:32:00,377.745,-1.0
2025-10-21 19:32:30,377.79,-1.0
2025-10-21 19:33:00,377.835,-1.0
2025-10-21 19:33:30,378.05,-1.0
2025-10-21 19:34:00,378.08,-1.0
2025-10-21 19:34:30,378.05,-1.0
2025-10-21 19:35:00,378.13,-1.0
2025-10-21 19:35:30,378.1351,-1.0
2025-10-21 19:36:00,378.25,-1.0
2025-10-21 19:36:30,378.2001,-1.0
2025-10-21 19:37:00,378.215,-1.0
2025-10-21 19:37:30,377.99,-1.0
2025-10-21 19:38:00,378.11,-1.0
2025-10-21 19:38:30,378.05,-1.0
2025-10-21 19:39:00,378.0601,-1.0
2025-10-21 19:39:30,377.98,-1.0
2025-10-21 19:40:00,377.645,-1.0
2025-10-21 19:40:30,377.57,-1.0
2025-10-21 19:41:00,377.5,-1.0
2025-10-21 19:41:30,377.5101,-1.0
2025-10-21 19:42:00,377.69,-1.0
2025-10-21 19:42:30,377.74,-1.0
2025-10-21 19:43:00,377.8,-1.0
2025-10-21 19:43:30,377.81,-1.0
2025-10-21 19:44:00,377.87,-1.0
2025-10-21 19:44:30,378.145,-1.0
2025-10-21 19:45:00,378.1513,-1.0
2025-10-21 19:45:30,378.18,-1.0
2025-10-21 19:46:00,377.97,-1.0
2025-10-21 19:46:30,377.92,-1.0
2025-10-21 19:47:00,378.06,-1.0
2025-10-21 19:47:30,378.0399,-1.0
2025-10-21 19:48:00,378.08,-1.0
2025-10-21 19:48:30,377.99,-1.0
2025-10-21 19:49:00,377.85,-1.0
2025-10-21 19:49:30,377.811,-1.0
2025-10-21 19:50:00,377.66,-1.0
2025-10-21 19:50:30,377.61,-1.0
2025-10-21 19:51:00,377.605,-1.0
2025-10-21 19:51:30,377.51,-1.0
2025-10-21 19:52:00,377.5,-1.0
2025-10-21 19:52:30,377.6995,-1.0
2025-10-21 19:53:00,377.58,-1.0
2025-10-21 19:53:30,377.575,-1.0
2025-10-21 19:54:00,377.49,-1.0
2025-10-21 19:54:30,377.535,-1.0
2025-10-21 19:55:00,377.51,-1.0
2025-10-21 19:55:30,377.38,-1.0
2025-10-21 19:56:00,377.5,-1.0
2025-10-21 19:56:30,377.4486,-1.0
2025-10-21 19:57:00,377.33,-1.0
2025-10-21 19:57:30,377.27,-1.0
2025-10-21 19:58:00,377.49,-1.0
2025-10-21 19:58:30,377.64,-1.0
2025-10-21 19:59:00,377.72,-1.0
2025-10-21 19:59:30,377.7047,-1.0
2025-10-21 20:00:00,377.695,-1.0
2025-10-21 20:00:30,377.24,-1.0
2025-10-21 20:01:00,377.86,-1.0
2025-10-21 20:01:30,377.99,-1.0
2025-10-21 20:02:00,378.04,-1.0
2025-10-21 20:02:30,377.85,-1.0
2025-10-21 20:03:00,378.19,-1.0
2025-10-21 20:03:30,378.35,-1.0
2025-10-21 20:04:00,378.31,-1.0
2025-10-21 20:04:30,378.3,-1.0
2025-10-21 20:05:00,378.28,-1.0
2025-10-21 20:05:30,378.42,-1.0
2025-10-21 20:06:00,378.68,-1.0
2025-10-21 20:06:30,378.85,-1.0
2025-10-21 20:07:00,378.9,-1.0
2025-10-21 20:07:30,378.95,-1.0
2025-10-21 20:08:00,378.9,-1.0
2025-10-21 20:08:30,378.95,-1.0
2025-10-21 20:09:00,378.89,-1.0
2025-10-21 20:09:30,379.0,-1.0
2025-10-21 20:10:00,378.999,-1.0
2025-10-21 20:10:30,378.92,-1.0
2025-10-21 20:11:00,378.98,-1.0
2025-10-21 20:11:30,378.88,-1.0
2025-10-21 20:12:00,378.837,-1.0
2025-10-21 20:12:30,378.9301,-1.0
2025-10-21 20:13:00,379.0,-1.0
2025-10-21 20:13:30,379.1,-1.0
2025-10-21 20:14:00,378.9,-1.0
2025-10-21 20:14:30,378.9801,-1.0
2025-10-21 20:15:00,379.03,-1.0
2025-10-21 20:15:30,379.02,-1.0
2025-10-21 20:16:00,378.98,-1.0
2025-10-21 20:16:30,378.98,-1.0
2025-10-21 20:17:00,378.7623,-1.0
2025-10-21 20:17:30,378.95,-1.0
2025-10-21 20:18:00,379.11,-1.0
2025-10-21 20:18:30,379.12,-1.0
2025-10-21 20:19:00,379.1,-1.0
2025-10-21 20:19:30,379.22,-1.0
2025-10-21 20:20:00,379.25,-1.0
2025-10-21 20:20:30,379.384,-1.0
2025-10-21 20:21:00,379.3596,-1.0
2025-10-21 20:21:30,379.2883,-1.0
2025-10-21 20:22:00,379.36,-1.0
2025-10-21 20:22:30,379.33,-1.0
2025-10-21 20:23:00,379.31,-1.0
2025-10-21 20:23:30,379.15,-1.0
2025-10-21 20:24:00,379.305,-1.0
2025-10-21 20:24:30,379.0238,-1.0
2025-10-21 20:25:00,379.1,-1.0
2025-10-21 20:25:30,379.1,-1.0
2025-10-21 20:26:00,379.05,-1.0
2025-10-21 20:26:30,379.34,-1.0
2025-10-21 20:27:00,379.32,-1.0
2025-10-21 20:28:00,379.32,-1.0
2025-10-21 20:28:30,379.15,-1.0
2025-10-21 20:29:00,379.3002,-1.0
2025-10-21 20:30:00,377.24,-1.0
2025-10-21 20:30:30,379.09,-1.0
2025-10-21 20:31:30,379.0819,-1.0
2025-10-21 20:32:00,379.22,-1.0
2025-10-21 20:32:30,379.23,-1.0
2025-10-21 20:33:00,379.1108,-1.0
2025-10-21 20:33:30,379.35,-1.0
2025-10-21 20:34:00,379.52,-1.0
2025-10-21 20:34:30,379.4623,0.0
2025-10-21 20:35:00,379.65,-1.0
2025-10-21 20:35:30,379.77,0.0
2025-10-21 20:36:00,379.87,0.0
2025-10-21 20:36:30,379.9,0.0
2025-10-21 20:37:00,379.94,0.0
2025-10-21 20:37:30,379.82,0.0
2025-10-21 20:38:00,379.7,0.0
2025-10-21 20:38:30,379.8,0.0
2025-10-21 20:39:00,379.7,0.0
2025-10-21 20:39:30,379.7789,0.0
2025-10-21 20:40:00,379.8,-1.0
2025-10-21 20:40:30,379.8,0.0
2025-10-21 20:41:00,379.99,0.0
2025-10-21 20:42:30,379.8,0.0
2025-10-21 20:43:00,379.8,0.0
2025-10-21 20:43:30,379.85,0.0
2025-10-21 20:44:00,379.9,0.0
2025-10-21 20:44:30,379.9,0.0
2025-10-21 20:45:00,379.87,0.0
2025-10-21 20:45:30,379.88,0.0
2025-10-21 20:46:00,379.95,-1.0
2025-10-21 20:46:30,379.95,-1.0
2025-10-21 20:48:30,379.87,0.0
2025-10-21 20:49:00,379.87,0.0
2025-10-21 20:49:30,379.8783,0.0
2025-10-21 20:50:00,379.84,0.0
2025-10-21 20:50:30,379.8,0.0
2025-10-21 20:51:00,379.75,0.0
2025-10-21 20:52:00,379.67,0.0
2025-10-21 20:52:30,379.35,0.0
2025-10-21 20:53:00,379.51,-1.0
2025-10-21 20:53:30,379.3787,0.0
2025-10-21 20:54:00,379.69,-1.0
2025-10-21 20:54:30,379.75,0.0
2025-10-21 20:55:00,379.7705,0.0
2025-10-21 20:56:00,379.72,0.0
2025-10-21 20:56:30,379.72,0.0
2025-10-21 20:57:00,379.7755,-1.0
2025-10-21 20:58:30,379.37,0.0
2025-10-21 20:59:00,379.5017,0.0
2025-10-21 20:59:30,379.5,0.0
2025-10-21 21:00:00,379.3731,-1.0
2025-10-21 21:00:30,379.48,-1.0
2025-10-21 21:01:00,379.6,0.0
2025-10-21 21:01:30,379.5,0.0
2025-10-21 21:02:00,379.55,0.0
2025-10-21 21:02:30,379.6,0.0
2025-10-21 21:03:00,379.63,0.0
2025-10-21 21:04:00,379.61,0.0
2025-10-21 21:04:30,379.61,0.0
2025-10-21 21:05:00,379.6,0.0
2025-10-21 21:05:30,379.65,0.0
2025-10-21 21:06:00,379.63,0.0
2025-10-21 21:07:00,379.65,-1.0
2025-10-21 21:07:30,379.63,0.0
2025-10-21 21:08:00,379.65,0.0
2025-10-21 21:08:30,379.65,0.0
2025-10-21 21:09:00,379.68,0.0
2025-10-21 21:09:30,379.7,0.0
2025-10-21 21:10:30,379.56,-1.0
2025-10-21 21:11:00,379.6,-1.0
2025-10-21 21:14:00,379.525,0.0
2025-10-21 21:14:30,379.7,0.0
2025-10-21 21:15:00,379.65,-1.0
2025-10-21 21:15:30,379.5553,0.0
2025-10-21 21:16:00,379.546,0.0
2025-10-21 21:17:00,379.6871,0.0
2025-10-21 21:17:30,379.64,-1.0
2025-10-21 21:18:30,379.68,0.0
2025-10-21 21:19:00,379.68,0.0
2025-10-21 21:20:00,379.6021,0.0
2025-10-21 21:20:30,379.68,0.0
2025-10-21 21:21:00,379.62,0.0
2025-10-21 21:22:30,379.65,0.0
2025-10-21 21:23:00,379.6,0.0
2025-10-21 21:23:30,379.65,0.0
2025-10-21 21:24:00,379.6,0.0
2025-10-21 21:25:30,379.56,0.0
2025-10-21 21:26:30,379.5014,0.0
2025-10-21 21:29:30,379.5,0.0
2025-10-21 21:30:00,379.4243,0.0
2025-10-21 21:30:30,379.411,0.0
2025-10-21 21:32:30,379.433,0.0
2025-10-21 21:35:00,379.5,0.0
2025-10-21 21:37:00,379.5,0.0
2025-10-21 21:38:30,379.48,0.0
2025-10-21 21:39:00,379.4011,0.0
2025-10-21 21:39:30,379.5,0.0
2025-10-21 21:40:00,379.4,0.0
2025-10-21 21:41:30,379.41,0.0
2025-10-21 21:42:00,379.5,0.0
2025-10-21 21:42:30,379.5,0.0
2025-10-21 21:43:00,379.59,-1.0
2025-10-21 21:44:30,379.55,-1.0
2025-10-21 21:45:00,379.41,-1.0
2025-10-21 21:45:30,379.5,-1.0
2025-10-21 21:46:00,379.4055,0.0
2025-10-21 21:46:30,379.35,0.0
2025-10-21 21:48:30,379.311,-1.0
2025-10-21 21:49:00,379.37,0.0
2025-10-21 21:49:30,379.37,0.0
2025-10-21 21:50:00,379.3,-1.0
2025-10-21 21:51:00,379.37,0.0
2025-10-21 21:53:30,379.37,0.0
2025-10-21 21:55:00,379.3,0.0
2025-10-21 21:55:30,379.25,0.0
2025-10-21 21:56:00,379.25,0.0
2025-10-21 21:58:00,379.3516,0.0
2025-10-21 21:58:30,379.41,-1.0
2025-10-21 21:59:30,379.4,0.0
2025-10-21 22:00:00,379.4,0.0
2025-10-21 22:00:30,379.6,0.0
2025-10-21 22:01:30,379.7121,-1.0
2025-10-21 22:02:00,379.84,0.0
2025-10-21 22:02:30,380.25,0.0
2025-10-21 22:03:00,379.99,0.0
2025-10-21 22:03:30,380.0,0.0
2025-10-21 22:04:00,380.2405,0.0
2025-10-21 22:04:30,379.62,0.0
2025-10-21 22:05:00,380.17,-1.0
2025-10-21 22:05:30,379.31,-1.0
2025-10-21 22:06:00,378.7,-1.0
2025-10-21 22:08:00,379.01,-1.0
2025-10-21 22:09:30,379.4949,-1.0
2025-10-21 22:10:00,378.57,-1.0
2025-10-21 22:10:30,378.55,-1.0
2025-10-21 22:11:00,378.99,-1.0
2025-10-21 22:11:30,378.9,-1.0
2025-10-21 22:12:30,378.7,-1.0
2025-10-21 22:13:00,378.61,-1.0
2025-10-21 22:14:00,378.75,-1.0
2025-10-21 22:14:30,378.9,-1.0
2025-10-21 22:15:00,378.5694,-1.0
2025-10-21 22:15:30,379.2,-1.0
2025-10-21 22:19:30,379.0,-1.0
2025-10-21 22:20:30,379.44,-1.0
2025-10-21 22:21:00,379.37,-1.0
2025-10-21 22:21:30,379.1,0.0
2025-10-21 22:22:00,379.2,-1.0
2025-10-21 22:22:30,379.3,0.0
2025-10-21 22:23:30,379.53,-1.0
2025-10-21 22:25:30,379.9599,-1.0
2025-10-21 22:26:00,379.74,0.0
2025-10-21 22:27:00,379.6191,0.0
2025-10-21 22:27:30,379.77,0.0
2025-10-21 22:28:00,379.72,0.0
2025-10-21 22:29:00,379.88,0.0
2025-10-21 22:29:30,379.6,0.0
2025-10-21 22:30:00,379.51,0.0
2025-10-21 22:30:30,379.5,0.0
2025-10-21 22:31:00,379.2,-1.0
2025-10-21 22:32:30,379.21,-1.0
2025-10-21 22:33:00,379.23,-1.0
2025-10-21 22:33:30,379.25,-1.0
2025-10-21 22:34:30,379.76,0.0
2025-10-21 22:35:00,379.86,0.0
2025-10-21 22:36:00,379.89,0.0
2025-10-21 22:36:30,379.875,0.0
2025-10-21 22:37:00,379.51,0.0
2025-10-21 22:37:30,379.5695,0.0
2025-10-21 22:38:30,379.58,0.0
2025-10-21 22:40:00,379.4,0.0
2025-10-21 22:40:30,379.4,0.0
2025-10-21 22:42:00,379.55,0.0
2025-10-21 22:43:00,379.5,0.0
2025-10-21 22:43:30,379.8414,0.0
2025-10-21 22:44:00,379.3615,0.0
2025-10-21 22:44:30,379.66,0.0
2025-10-21 22:45:00,379.87,0.0
2025-10-21 22:45:30,379.64,0.0
2025-10-21 22:46:00,379.6487,0.0
2025-10-21 22:46:30,379.6,0.0
2025-10-21 22:47:00,379.59,0.0
2025-10-21 22:47:30,379.5352,0.0
2025-10-21 22:48:00,379.7,0.0
2025-10-21 22:49:30,379.77,0.0
2025-10-21 22:51:30,379.48,0.0
2025-10-21 22:52:00,379.45,0.0
2025-10-21 22:52:30,379.46,0.0
2025-10-21 22:53:00,379.46,0.0
2025-10-21 22:54:30,379.69,0.0
2025-10-21 22:55:00,379.4801,0.0
2025-10-21 22:57:00,379.3,0.0
2025-10-21 22:57:30,379.44,0.0
2025-10-21 22:58:00,379.4939,0.0
2025-10-21 22:59:00,379.39,0.0
2025-10-21 22:59:30,379.21,0.0
2025-10-21 23:00:00,379.2,0.0
2025-10-21 23:00:30,379.34,0.0
2025-10-21 23:01:00,379.26,0.0
2025-10-21 23:02:00,379.21,0.0
2025-10-21 23:02:30,378.8298,0.0
2025-10-21 23:03:00,379.46,-1.0
2025-10-21 23:03:30,379.3,0.0
2025-10-21 23:05:00,379.15,0.0
2025-10-21 23:05:30,379.1,0.0
2025-10-21 23:06:00,379.0455,0.0
2025-10-21 23:06:30,378.95,0.0
2025-10-21 23:07:00,379.05,0.0
2025-10-21 23:07:30,379.16,0.0
2025-10-21 23:08:00,379.01,0.0
2025-10-21 23:09:00,379.22,0.0
2025-10-21 23:09:30,379.35,0.0
2025-10-21 23:10:00,379.33,0.0
2025-10-21 23:10:30,379.5,0.0
2025-10-21 23:11:00,379.225,0.0
2025-10-21 23:12:30,379.56,0.0
2025-10-21 23:13:00,379.28,0.0
2025-10-21 23:13:30,379.28,0.0
2025-10-21 23:15:00,379.02,0.0
2025-10-21 23:15:30,378.75,0.0
2025-10-21 23:20:00,378.6,0.0
2025-10-21 23:20:30,378.72,0.0
2025-10-21 23:21:00,378.6293,0.0
2025-10-21 23:21:30,379.25,0.0
2025-10-21 23:23:30,379.1,0.0
2025-10-21 23:24:00,379.12,0.0
2025-10-21 23:24:30,379.18,0.0
2025-10-21 23:25:00,379.05,0.0
2025-10-21 23:25:30,379.26,0.0
2025-10-21 23:26:00,379.48,0.0
2025-10-21 23:26:30,379.37,0.0
2025-10-21 23:27:00,379.38,0.0
2025-10-21 23:27:30,379.36,0.0
2025-10-21 23:28:00,379.4321,0.0
2025-10-21 23:28:30,379.37,0.0
2025-10-21 23:29:00,379.45,0.0
2025-10-21 23:29:30,379.39,0.0
2025-10-21 23:30:00,379.48,0.0
2025-10-21 23:30:30,379.44,0.0
2025-10-21 23:31:00,379.49,0.0
2025-10-21 23:32:00,379.65,0.0
2025-10-21 23:33:00,379.5,0.0
2025-10-21 23:34:00,379.5,0.0
2025-10-21 23:34:30,379.4905,0.0
2025-10-21 23:35:00,379.5,0.0
2025-10-21 23:36:00,379.7,0.0
2025-10-21 23:36:30,379.6899,0.0
2025-10-21 23:37:00,379.4876,0.0
2025-10-21 23:40:30,379.55,0.0
2025-10-21 23:41:00,379.58,0.0
2025-10-21 23:41:30,379.46,0.0
2025-10-21 23:42:30,379.59,0.0
2025-10-21 23:43:00,379.47,0.0
2025-10-21 23:43:30,379.65,0.0
2025-10-21 23:44:00,379.6394,0.0
2025-10-21 23:44:30,379.56,0.0
2025-10-21 23:45:30,379.43,0.0
2025-10-21 23:46:00,379.4,0.0
2025-10-21 23:46:30,379.31,0.0
2025-10-21 23:47:00,379.27,0.0
2025-10-21 23:47:30,379.0,0.0
2025-10-21 23:48:00,379.05,0.0
2025-10-21 23:49:00,378.5921,0.0
2025-10-21 23:49:30,378.57,-1.0
2025-10-21 23:50:00,378.1,0.0
2025-10-21 23:50:30,378.23,-1.0
2025-10-21 23:51:00,377.77,-1.0
2025-10-21 23:51:30,377.69,-1.0
2025-10-21 23:52:00,377.74,-1.0
2025-10-21 23:52:30,377.9,-1.0
2025-10-21 23:53:00,377.8237,-1.0
2025-10-21 23:53:30,377.81,-1.0
2025-10-21 23:54:00,377.63,-1.0
2025-10-21 23:55:00,377.62,-1.0
2025-10-21 23:55:30,377.71,-1.0
2025-10-21 23:56:00,377.6014,-1.0
2025-10-21 23:56:30,377.02,-1.0
2025-10-21 23:57:00,377.12,-1.0
2025-10-21 23:57:30,377.11,-1.0
2025-10-21 23:58:00,377.26,-1.0
2025-10-21 23:58:30,376.76,-1.0
2025-10-21 23:59:00,376.73,-1.0
2025-10-21 23:59:30,376.36,-1.0
2025-10-22 00:00:00,376.49,-1.0
2025-10-22 08:00:00,380.34,-1.0
2025-10-22 08:00:30,380.24,0.0
2025-10-22 08:01:00,380.28,-1.0
2025-10-22 08:01:30,380.33,0.0
2025-10-22 08:02:00,380.31,0.0
2025-10-22 08:02:30,380.0,0.0
2025-10-22 08:03:30,379.48,0.0
2025-10-22 08:04:00,379.0,0.0
2025-10-22 08:04:30,379.0,-1.0
2025-10-22 08:05:00,378.75,-1.0
2025-10-22 08:05:30,378.57,-1.0
2025-10-22 08:06:00,378.29,-1.0
2025-10-22 08:06:30,378.31,-1.0
2025-10-22 08:07:00,378.34,-1.0
2025-10-22 08:07:30,378.64,-1.0
2025-10-22 08:08:30,378.48,-1.0
2025-10-22 08:09:30,378.51,-1.0
2025-10-22 08:10:00,378.11,-1.0
2025-10-22 08:10:30,377.57,-1.0
2025-10-22 08:11:00,377.45,-1.0
2025-10-22 08:11:30,377.71,-1.0
2025-10-22 08:12:30,377.17,-1.0
2025-10-22 08:13:00,376.5,-1.0
2025-10-22 08:13:30,376.54,-1.0
2025-10-22 08:14:00,376.4,-1.0
2025-10-22 08:14:30,376.19,-1.0
2025-10-22 08:15:00,376.3,-1.0
2025-10-22 08:15:30,375.91,-1.0
2025-10-22 08:16:00,374.38,-1.0
2025-10-22 08:16:30,374.42,-1.0
2025-10-22 08:17:00,374.5,-1.0
2025-10-22 08:17:30,374.46,-1.0
2025-10-22 08:18:00,374.46,-1.0
2025-10-22 08:18:30,374.53,-1.0
2025-10-22 08:19:00,374.98,-1.0
2025-10-22 08:19:30,374.84,-1.0
2025-10-22 08:20:00,375.38,-1.0
2025-10-22 08:20:30,375.48,-1.0
2025-10-22 08:21:00,376.0,-1.0
2025-10-22 08:21:30,376.88,-1.0
2025-10-22 08:22:00,377.45,-1.0
2025-10-22 08:22:30,377.0,-1.0
2025-10-22 08:23:30,378.0,-1.0
2025-10-22 08:24:00,377.99,-1.0
2025-10-22 08:24:30,378.81,-1.0
2025-10-22 08:25:00,377.9,-1.0
2025-10-22 08:25:30,377.94,-1.0
2025-10-22 08:26:00,378.06,-1.0
2025-10-22 08:27:00,377.55,-1.0
2025-10-22 08:28:00,377.89,-1.0
2025-10-22 08:28:30,378.0,-1.0
2025-10-22 08:29:00,377.85,-1.0
2025-10-22 08:30:30,377.61,-1.0
2025-10-22 08:31:00,377.8,-1.0
2025-10-22 08:31:30,377.89,-1.0
2025-10-22 08:32:00,377.8,-1.0
2025-10-22 08:32:30,377.95,-1.0
2025-10-22 08:33:30,377.65,-1.0
2025-10-22 08:34:30,378.0,-1.0
2025-10-22 08:35:00,378.1,-1.0
2025-10-22 08:35:30,377.68,-1.0
2025-10-22 08:37:00,377.6,-1.0
2025-10-22 08:38:00,377.67,-1.0
2025-10-22 08:41:00,377.24,-1.0
2025-10-22 08:41:30,377.14,-1.0
2025-10-22 08:42:00,376.1,-1.0
2025-10-22 08:43:00,376.21,-1.0
2025-10-22 08:43:30,376.04,-1.0
2025-10-22 08:44:00,376.42,-1.0
2025-10-22 08:44:30,376.67,-1.0
2025-10-22 08:45:00,376.8,-1.0
2025-10-22 08:45:30,376.45,-1.0
2025-10-22 08:46:00,376.25,-1.0
2025-10-22 08:46:30,376.25,-1.0
2025-10-22 08:47:00,375.41,-1.0
2025-10-22 08:49:00,375.72,-1.0
2025-10-22 08:49:30,376.0,-1.0
2025-10-22 08:50:00,376.17,-1.0
2025-10-22 08:51:00,376.0,-1.0
2025-10-22 08:51:30,375.62,-1.0
2025-10-22 08:52:30,376.0,-1.0
2025-10-22 08:53:00,376.5,-1.0
2025-10-22 08:54:00,376.43,-1.0
2025-10-22 08:55:30,376.04,-1.0
2025-10-22 08:56:30,376.06,-1.0
2025-10-22 08:57:30,375.81,-1.0
2025-10-22 08:58:30,375.5,-1.0
2025-10-22 08:59:00,375.76,-1.0
2025-10-22 08:59:30,375.09,-1.0
2025-10-22 09:00:00,374.65,-1.0
2025-10-22 09:00:30,374.81,-1.0
2025-10-22 09:01:00,375.3,-1.0
2025-10-22 09:01:30,375.67,-1.0
2025-10-22 09:02:00,375.98,-1.0
2025-10-22 09:02:30,376.23,-1.0
2025-10-22 09:03:00,376.74,-1.0
2025-10-22 09:06:00,375.99,-1.0
2025-10-22 09:06:30,376.1,-1.0
2025-10-22 09:07:30,376.4,-1.0
2025-10-22 09:08:30,376.82,-1.0
2025-10-22 09:09:00,376.9,-1.0
2025-10-22 09:10:30,376.12,-1.0
2025-10-22 09:11:00,375.61,-1.0
2025-10-22 09:11:30,375.61,-1.0
2025-10-22 09:12:30,375.13,-1.0
2025-10-22 09:13:00,375.0,-1.0
2025-10-22 09:13:30,374.8,-1.0
2025-10-22 09:14:00,375.6,-1.0
2025-10-22 09:14:30,375.81,-1.0
2025-10-22 09:15:00,375.02,-1.0
2025-10-22 09:16:00,375.1,-1.0
2025-10-22 09:16:30,375.0,-1.0
2025-10-22 09:18:00,374.43,-1.0
2025-10-22 09:18:30,374.29,-1.0
2025-10-22 09:19:00,374.77,-1.0
2025-10-22 09:19:30,374.4,-1.0
2025-10-22 09:20:30,374.9,-1.0
2025-10-22 09:21:30,374.99,-1.0
2025-10-22 09:22:00,375.05,-1.0
2025-10-22 09:22:30,374.59,-1.0
2025-10-22 09:23:00,374.52,-1.0
2025-10-22 09:24:00,374.01,-1.0
2025-10-22 09:24:30,374.16,-1.0
2025-10-22 09:25:00,374.56,-1.0
2025-10-22 09:25:30,374.45,-1.0
2025-10-22 09:27:00,375.0,-1.0
2025-10-22 09:30:00,375.0,-1.0
2025-10-22 09:30:30,375.0,-1.0
2025-10-22 09:31:00,375.13,-1.0
2025-10-22 09:32:00,375.55,-1.0
2025-10-22 09:32:30,375.2,-1.0
2025-10-22 09:34:30,375.15,-1.0
2025-10-22 09:36:00,374.58,-1.0
2025-10-22 09:36:30,374.81,-1.0
2025-10-22 09:37:00,375.0,-1.0
2025-10-22 09:39:00,374.75,-1.0
2025-10-22 09:39:30,374.9,-1.0
2025-10-22 09:40:30,374.7,-1.0
2025-10-22 09:41:00,374.81,-1.0
2025-10-22 09:41:30,374.3,-1.0
2025-10-22 09:42:30,374.5,-1.0
2025-10-22 09:43:00,374.59,-1.0
2025-10-22 09:43:30,374.36,-1.0
2025-10-22 09:44:00,374.05,-1.0
2025-10-22 09:44:30,374.0,-1.0
2025-10-22 09:45:00,373.82,-1.0
2025-10-22 09:45:30,373.8,-1.0
2025-10-22 09:46:30,374.08,-1.0
2025-10-22 09:47:30,373.9,-1.0
2025-10-22 09:48:00,373.8,-1.0
2025-10-22 09:48:30,373.75,-1.0
2025-10-22 09:49:00,373.87,-1.0
2025-10-22 09:49:30,373.91,-1.0
2025-10-22 09:50:00,373.75,-1.0
2025-10-22 09:51:30,373.79,-1.0
2025-10-22 09:52:00,373.8,-1.0
2025-10-22 09:52:30,373.98,-1.0
2025-10-22 09:53:30,374.0,-1.0
2025-10-22 09:55:00,374.0,-1.0
2025-10-22 09:55:30,374.15,-1.0
2025-10-22 09:56:00,374.34,-1.0
2025-10-22 09:56:30,374.21,-1.0
2025-10-22 09:57:30,374.27,-1.0
2025-10-22 09:58:00,374.46,-1.0
2025-10-22 09:59:30,374.34,-1.0
2025-10-22 10:00:30,374.51,-1.0
2025-10-22 10:02:00,374.2,-1.0
2025-10-22 10:02:30,373.97,-1.0
2025-10-22 10:03:00,374.09,-1.0
2025-10-22 10:03:30,374.61,-1.0
2025-10-22 10:04:00,374.69,-1.0
2025-10-22 10:04:30,375.0,-1.0
2025-10-22 10:06:00,374.16,-1.0
2025-10-22 10:06:30,373.92,-1.0
2025-10-22 10:07:00,374.0,-1.0
2025-10-22 10:10:30,374.42,-1.0
2025-10-22 10:12:30,374.42,-1.0
2025-10-22 10:14:30,374.67,-1.0
2025-10-22 10:16:30,375.01,-1.0
2025-10-22 10:17:00,374.42,-1.0
2025-10-22 10:17:30,374.98,-1.0
2025-10-22 10:19:30,374.58,-1.0
2025-10-22 10:20:30,374.87,-1.0
2025-10-22 10:24:00,375.21,-1.0
2025-10-22 10:24:30,374.89,-1.0
2025-10-22 10:25:00,375.68,-1.0
2025-10-22 10:25:30,375.46,-1.0
2025-10-22 10:26:00,375.31,-1.0
2025-10-22 10:26:30,375.58,-1.0
2025-10-22 10:27:00,375.63,-1.0
2025-10-22 10:28:00,375.75,-1.0
2025-10-22 10:29:00,375.67,-1.0
2025-10-22 10:29:30,375.72,-1.0
2025-10-22 10:30:00,375.78,-1.0
2025-10-22 10:31:00,375.83,-1.0
2025-10-22 10:31:30,376.0,-1.0
2025-10-22 10:32:30,376.11,-1.0
2025-10-22 10:34:00,376.09,-1.0
2025-10-22 10:35:30,375.76,-1.0
2025-10-22 10:36:00,375.88,-1.0
2025-10-22 10:37:00,375.4,-1.0
2025-10-22 10:37:30,375.22,-1.0
2025-10-22 10:38:00,374.51,-1.0
2025-10-22 10:38:30,374.07,-1.0
2025-10-22 10:40:30,373.82,-1.0
2025-10-22 10:41:30,373.88,-1.0
2025-10-22 10:42:00,373.7,-1.0
2025-10-22 10:42:30,372.82,-1.0
2025-10-22 10:43:00,373.0,-1.0
2025-10-22 10:43:30,372.82,-1.0
2025-10-22 10:44:00,372.7,-1.0
2025-10-22 10:44:30,372.65,-1.0
2025-10-22 10:45:00,372.83,-1.0
2025-10-22 10:46:00,373.2,-1.0
2025-10-22 10:46:30,373.28,-1.0
2025-10-22 10:47:00,373.0,-1.0
2025-10-22 10:47:30,373.0,-1.0
2025-10-22 10:48:00,373.17,-1.0
2025-10-22 10:48:30,373.2,-1.0
2025-10-22 10:49:00,373.01,-1.0
2025-10-22 10:50:00,373.4,-1.0
2025-10-22 10:50:30,373.4,-1.0
2025-10-22 10:51:00,373.4,-1.0
2025-10-22 10:51:30,373.1,-1.0
2025-10-22 10:52:30,373.2,-1.0
2025-10-22 10:53:00,372.33,-1.0
2025-10-22 10:53:30,372.37,-1.0
2025-10-22 10:54:00,372.0,-1.0
2025-10-22 10:54:30,372.11,-1.0
2025-10-22 10:55:00,371.62,-1.0
2025-10-22 10:55:30,371.33,-1.0
2025-10-22 10:56:00,371.4,-1.0
2025-10-22 10:56:30,371.2,-1.0
2025-10-22 10:57:00,370.7,-1.0
2025-10-22 10:57:30,370.68,-1.0
2025-10-22 10:58:00,370.8,-1.0
2025-10-22 10:58:30,370.64,-1.0
2025-10-22 10:59:00,370.99,-1.0
2025-10-22 10:59:30,370.73,-1.0
2025-10-22 11:00:00,371.47,-1.0
2025-10-22 11:00:30,371.07,-1.0
2025-10-22 11:01:00,371.28,-1.0
2025-10-22 11:01:30,371.0,-1.0
2025-10-22 11:02:00,370.89,-1.0
2025-10-22 11:02:30,370.5,-1.0
2025-10-22 11:03:00,369.78,-1.0
2025-10-22 11:03:30,369.8,-1.0
2025-10-22 11:04:00,369.77,-1.0
2025-10-22 11:04:30,369.8,-1.0
2025-10-22 11:05:00,370.0,-1.0
2025-10-22 11:05:30,370.61,-1.0
2025-10-22 11:06:00,371.2,-1.0
2025-10-22 11:06:30,371.49,-1.0
2025-10-22 11:07:00,371.31,-1.0
2025-10-22 11:07:30,371.39,-1.0
2025-10-22 11:08:00,371.4,-1.0
2025-10-22 11:08:30,371.38,-1.0
2025-10-22 11:09:00,371.03,-1.0
2025-10-22 11:09:30,371.14,-1.0
2025-10-22 11:10:00,371.2,-1.0
2025-10-22 11:10:30,370.49,-1.0
2025-10-22 11:11:00,370.79,-1.0
2025-10-22 11:11:30,370.66,-1.0
2025-10-22 11:12:00,370.58,-1.0
2025-10-22 11:12:30,370.22,-1.0
2025-10-22 11:13:00,370.68,-1.0
2025-10-22 11:13:30,370.51,-1.0
2025-10-22 11:14:00,370.53,-1.0
2025-10-22 11:14:30,370.38,-1.0
2025-10-22 11:15:00,370.8,-1.0
2025-10-22 11:15:30,370.94,-1.0
2025-10-22 11:16:00,370.89,-1.0
2025-10-22 11:16:30,371.13,-1.0
2025-10-22 11:17:00,371.06,-1.0
2025-10-22 11:18:00,371.0,-1.0
2025-10-22 11:18:30,371.16,-1.0
2025-10-22 11:19:00,371.19,-1.0
2025-10-22 11:20:00,371.3,-1.0
2025-10-22 11:20:30,371.39,-1.0
2025-10-22 11:21:00,371.75,-1.0
2025-10-22 11:21:30,371.79,-1.0
2025-10-22 11:22:00,371.6,-1.0
2025-10-22 11:22:30,371.7,-1.0
2025-10-22 11:23:00,371.6,-1.0
2025-10-22 11:23:30,371.81,-1.0
2025-10-22 11:24:00,371.8,-1.0
2025-10-22 11:24:30,371.89,-1.0
2025-10-22 11:25:00,371.94,-1.0
2025-10-22 11:25:30,371.91,-1.0
2025-10-22 11:26:00,372.01,-1.0
2025-10-22 11:26:30,372.0,-1.0
2025-10-22 11:27:00,371.7,-1.0
2025-10-22 11:27:30,371.56,-1.0
2025-10-22 11:28:00,371.15,-1.0
2025-10-22 11:28:30,370.55,-1.0
2025-10-22 11:29:00,370.7,-1.0
2025-10-22 11:29:30,370.36,-1.0
2025-10-22 11:30:00,370.12,-1.0
2025-10-22 11:30:30,370.0,-1.0
2025-10-22 11:31:00,370.5,-1.0
2025-10-22 11:31:30,370.1,-1.0
2025-10-22 11:32:00,370.0,-1.0
2025-10-22 11:33:00,370.36,-1.0
2025-10-22 11:33:30,370.28,-1.0
2025-10-22 11:34:00,370.59,-1.0
2025-10-22 11:34:30,370.47,-1.0
2025-10-22 11:35:00,370.25,-1.0
2025-10-22 11:35:30,370.39,-1.0
2025-10-22 11:36:00,370.18,-1.0
2025-10-22 11:36:30,370.35,-1.0
2025-10-22 11:37:00,370.6,-1.0
2025-10-22 11:37:30,370.54,-1.0
2025-10-22 11:38:00,370.5,-1.0
2025-10-22 11:38:30,370.21,-1.0
2025-10-22 11:39:00,370.11,-1.0
2025-10-22 11:39:30,370.0,-1.0
2025-10-22 11:40:00,369.72,-1.0
2025-10-22 11:40:30,369.75,-1.0
2025-10-22 11:41:00,369.59,-1.0
2025-10-22 11:41:30,369.8,-1.0
2025-10-22 11:42:00,369.51,-1.0
2025-10-22 11:42:30,369.54,-1.0
2025-10-22 11:43:00,369.51,-1.0
2025-10-22 11:43:30,369.59,-1.0
2025-10-22 11:44:00,369.48,-1.0
2025-10-22 11:44:30,370.0,-1.0
2025-10-22 11:45:00,369.98,-1.0
2025-10-22 11:45:30,370.37,-1.0
2025-10-22 11:46:00,370.27,-1.0
2025-10-22 11:46:30,370.26,-1.0
2025-10-22 11:47:00,370.37,-1.0
2025-10-22 11:47:30,370.4,-1.0
2025-10-22 11:48:00,370.24,-1.0
2025-10-22 11:48:30,370.4,-1.0
2025-10-22 11:49:00,370.61,-1.0
2025-10-22 11:49:30,371.0,-1.0
2025-10-22 11:50:00,371.01,-1.0
2025-10-22 11:50:30,371.09,-1.0
2025-10-22 11:51:00,371.07,-1.0
2025-10-22 11:51:30,370.7,-1.0
2025-10-22 11:52:00,370.48,-1.0
2025-10-22 11:52:30,370.19,-1.0
2025-10-22 11:54:00,370.28,-1.0
2025-10-22 11:54:30,370.21,-1.0
2025-10-22 11:55:00,370.2,-1.0
2025-10-22 11:55:30,370.06,-1.0
2025-10-22 11:56:00,370.27,-1.0
2025-10-22 11:56:30,369.9,-1.0
2025-10-22 11:57:00,369.99,-1.0
2025-10-22 11:57:30,369.61,-1.0
2025-10-22 11:58:00,369.76,-1.0
2025-10-22 11:58:30,369.77,-1.0
2025-10-22 11:59:00,370.0,-1.0
2025-10-22 11:59:30,370.2,-1.0
2025-10-22 12:00:00,370.2,-1.0
2025-10-22 12:00:30,370.6,-1.0
2025-10-22 12:01:00,379.8,0.0
2025-10-22 12:01:30,370.6,-1.0
2025-10-22 12:02:00,370.9,-1.0
2025-10-22 12:02:30,374.3,-1.0
2025-10-22 12:03:00,370.58,-1.0
2025-10-22 12:03:30,371.1,-1.0
2025-10-22 12:04:00,371.83,-1.0
2025-10-22 12:04:30,370.5,-1.0
2025-10-22 12:05:00,371.99,-1.0
2025-10-22 12:05:30,371.78,-1.0
2025-10-22 12:06:00,371.61,-1.0
2025-10-22 12:06:30,371.56,-1.0
2025-10-22 12:07:00,371.38,-1.0
2025-10-22 12:07:30,371.5601,-1.0
2025-10-22 12:08:00,371.56,-1.0
2025-10-22 12:08:30,371.56,-1.0
2025-10-22 12:09:00,371.21,-1.0
2025-10-22 12:09:30,370.96,-1.0
2025-10-22 12:10:00,370.7,-1.0
2025-10-22 12:10:30,370.61,-1.0
2025-10-22 12:11:00,370.91,-1.0
2025-10-22 12:11:30,370.7887,-1.0
2025-10-22 12:12:00,371.12,-1.0
2025-10-22 12:12:30,371.36,-1.0
2025-10-22 12:13:00,371.27,-1.0
2025-10-22 12:13:30,371.28,-1.0
2025-10-22 12:14:00,371.39,-1.0
2025-10-22 12:14:30,371.4691,-1.0
2025-10-22 12:15:00,371.49,-1.0
2025-10-22 12:15:30,371.48,-1.0
2025-10-22 12:16:00,371.68,-1.0
2025-10-22 12:16:30,371.65,-1.0
2025-10-22 12:17:00,371.57,-1.0
2025-10-22 12:17:30,371.7199,-1.0
2025-10-22 12:18:00,371.73,-1.0
2025-10-22 12:18:30,371.8,-1.0
2025-10-22 12:19:00,371.8,-1.0
2025-10-22 12:19:30,371.7,-1.0
2025-10-22 12:20:00,371.66,-1.0
2025-10-22 12:20:30,371.19,-1.0
2025-10-22 12:21:00,370.85,-1.0
2025-10-22 12:21:30,371.0,-1.0
2025-10-22 12:22:00,371.001,-1.0
2025-10-22 12:22:30,370.89,-1.0
2025-10-22 12:23:00,371.29,-1.0
2025-10-22 12:23:30,371.24,-1.0
2025-10-22 12:24:00,371.06,-1.0
2025-10-22 12:24:30,371.0,-1.0
2025-10-22 12:25:00,371.0,-1.0
2025-10-22 12:25:30,370.8,-1.0
2025-10-22 12:26:00,371.0,-1.0
2025-10-22 12:26:30,371.25,-1.0
2025-10-22 12:27:00,371.49,-1.0
2025-10-22 12:27:30,371.6,-1.0
2025-10-22 12:28:00,371.39,-1.0
2025-10-22 12:28:30,371.66,-1.0
2025-10-22 12:29:00,371.79,-1.0
2025-10-22 12:29:30,372.18,-1.0
2025-10-22 12:30:00,372.09,-1.0
2025-10-22 12:30:30,372.1,-1.0
2025-10-22 12:31:00,372.2,-1.0
2025-10-22 12:31:30,372.2764,-1.0
2025-10-22 12:32:00,372.44,-1.0
2025-10-22 12:32:30,372.65,-1.0
2025-10-22 12:33:00,372.7,-1.0
2025-10-22 12:33:30,372.5,-1.0
2025-10-22 12:34:00,372.5,-1.0
2025-10-22 12:35:00,372.49,-1.0
2025-10-22 12:35:30,372.4,-1.0
2025-10-22 12:36:00,372.51,-1.0
2025-10-22 12:36:30,372.55,-1.0
2025-10-22 12:37:00,372.63,-1.0
2025-10-22 12:37:30,372.639,-1.0
2025-10-22 12:38:00,372.5,-1.0
2025-10-22 12:38:30,372.675,-1.0
2025-10-22 12:39:00,372.7,-1.0
2025-10-22 12:39:30,372.64,-1.0
2025-10-22 12:40:00,372.63,-1.0
2025-10-22 12:40:30,372.6,-1.0
2025-10-22 12:41:00,372.6,-1.0
2025-10-22 12:41:30,372.7,-1.0
2025-10-22 12:42:00,372.52,-1.0
2025-10-22 12:42:30,372.65,-1.0
2025-10-22 12:43:00,372.54,-1.0
2025-10-22 12:43:30,372.475,-1.0
2025-10-22 12:44:00,372.537,-1.0
2025-10-22 12:44:30,372.53,-1.0
2025-10-22 12:45:00,372.58,-1.0
2025-10-22 12:45:30,372.29,-1.0
2025-10-22 12:46:00,372.35,-1.0
2025-10-22 12:46:30,372.25,-1.0
2025-10-22 12:47:00,372.18,-1.0
2025-10-22 12:47:30,372.45,-1.0
2025-10-22 12:48:00,372.45,-1.0
2025-10-22 12:48:30,372.5,-1.0
2025-10-22 12:49:00,372.5,-1.0
2025-10-22 12:49:30,372.67,-1.0
2025-10-22 12:50:00,372.18,-1.0
2025-10-22 12:50:30,371.5325,-1.0
2025-10-22 12:51:00,371.65,-1.0
2025-10-22 12:51:30,371.55,-1.0
2025-10-22 12:52:00,371.13,-1.0
2025-10-22 12:52:30,371.07,-1.0
2025-10-22 12:53:00,371.11,-1.0
2025-10-22 12:53:30,371.35,-1.0
2025-10-22 12:54:00,370.98,-1.0
2025-10-22 12:54:30,370.7,-1.0
2025-10-22 12:55:00,370.62,-1.0
2025-10-22 12:55:30,370.89,-1.0
2025-10-22 12:56:00,370.6215,-1.0
2025-10-22 12:56:30,370.66,-1.0
2025-10-22 12:57:00,370.57,-1.0
2025-10-22 12:57:30,370.5,-1.0
2025-10-22 12:58:00,370.88,-1.0
2025-10-22 12:58:30,370.69,-1.0
2025-10-22 12:59:00,370.5,-1.0
2025-10-22 12:59:30,370.97,-1.0
2025-10-22 13:00:00,371.1505,-1.0
2025-10-22 13:00:30,371.2712,-1.0
2025-10-22 13:01:00,372.9,-1.0
2025-10-22 13:01:30,372.4,-1.0
2025-10-22 13:02:00,372.4,-1.0
2025-10-22 13:02:30,372.51,-1.0
2025-10-22 13:03:00,372.86,-1.0
2025-10-22 13:03:30,372.88,-1.0
2025-10-22 13:04:00,373.5,0.0
2025-10-22 13:04:30,373.58,0.0
2025-10-22 13:05:00,374.09,0.0
2025-10-22 13:05:30,374.04,0.0
2025-10-22 13:06:00,373.6,0.0
2025-10-22 13:06:30,373.37,-1.0
2025-10-22 13:07:00,373.41,-1.0
2025-10-22 13:07:30,372.87,-1.0
2025-10-22 13:08:00,373.49,-1.0
2025-10-22 13:09:00,373.3,-1.0
2025-10-22 13:09:30,373.4,-1.0
2025-10-22 13:10:00,373.61,0.0
2025-10-22 13:10:30,373.33,-1.0
2025-10-22 13:11:00,373.54,0.0
2025-10-22 13:11:30,373.49,-1.0
2025-10-22 13:12:00,373.6,0.0
2025-10-22 13:12:30,374.26,0.0
2025-10-22 13:13:00,373.73,0.0
2025-10-22 13:13:30,373.6199,-1.0
2025-10-22 13:14:00,373.6604,0.0
2025-10-22 13:14:30,373.5184,0.0
2025-10-22 13:15:00,373.78,0.0
2025-10-22 13:15:30,373.91,0.0
2025-10-22 13:16:00,373.7,0.0
2025-10-22 13:16:30,373.86,0.0
2025-10-22 13:17:00,374.0,0.0
2025-10-22 13:17:30,373.75,0.0
2025-10-22 13:18:00,374.06,0.0
2025-10-22 13:18:30,374.08,0.0
2025-10-22 13:19:00,374.2,0.0
2025-10-22 13:19:30,374.04,0.0
2025-10-22 13:20:00,373.89,0.0
2025-10-22 13:20:30,373.98,0.0
2025-10-22 13:21:00,373.58,0.0
2025-10-22 13:21:30,373.35,0.0
2025-10-22 13:22:00,373.34,0.0
2025-10-22 13:22:30,373.17,0.0
2025-10-22 13:23:00,373.47,0.0
2025-10-22 13:23:30,373.14,0.0
2025-10-22 13:24:00,373.29,0.0
2025-10-22 13:24:30,373.44,0.0
2025-10-22 13:25:00,373.32,0.0
2025-10-22 13:25:30,373.75,0.0
2025-10-22 13:26:00,373.84,0.0
2025-10-22 13:26:30,373.51,0.0
2025-10-22 13:27:00,373.41,0.0
2025-10-22 13:27:30,373.58,0.0
2025-10-22 13:28:00,373.39,0.0
2025-10-22 13:28:30,373.3,0.0
2025-10-22 13:29:00,373.01,0.0
2025-10-22 13:29:30,373.08,-1.0
2025-10-22 13:30:00,373.05,-1.0
2025-10-22 13:30:30,372.46,-1.0
2025-10-22 13:31:00,372.95,-1.0
2025-10-22 13:31:30,373.54,0.0
2025-10-22 13:32:00,373.0951,-1.0
2025-10-22 13:32:30,372.99,-1.0
2025-10-22 13:33:00,372.9195,-1.0
2025-10-22 13:33:30,372.7225,-1.0
2025-10-22 13:34:00,372.8878,-1.0
2025-10-22 13:34:30,373.19,0.0
2025-10-22 13:35:00,373.37,0.0
2025-10-22 13:35:30,373.45,0.0
2025-10-22 13:36:00,373.5,0.0
2025-10-22 13:36:30,373.55,0.0
2025-10-22 13:37:00,374.13,0.0
2025-10-22 13:37:30,374.26,0.0
2025-10-22 13:38:00,374.82,0.0
2025-10-22 13:38:30,374.5541,0.0
